countGenderMixHard,countIncompatibleRoomsHard,countOvercrowdedCapacityHard,countUnadmittedMandatoryHard,countLateAdmittedMandatoryHard,countSurgeonOvertimeHard,countOTOvertimeHard,countUncoveredRoomHard,countNursePresentOnWrongDayHard,countMixedAgeGroups,countMinimumSkillLevelExceeded,countUncontinuousCare,countMaximumWorkloadExcceeded,countOpenOTs,countSurgeonTransfer,countAdmissionDelay,countUncheduledOptional,countTotalHard,countTotalSoft,res,countGenderMixHardBest,countIncompatibleRoomsHardBest,countOvercrowdedCapacityHardBest,countUnadmittedMandatoryHardBest,countLateAdmittedMandatoryHardBest,countSurgeonOvertimeHardBest,countOTOvertimeHardBest,countUncoveredRoomHardBest,countNursePresentOnWrongDayHardBest,countMixedAgeGroupsBest,countMinimumSkillLevelExceededBest,countUncontinuousCareBest,countMaximumWorkloadExcceededBest,countOpenOTsBest,countSurgeonTransferBest,countAdmissionDelayBest,countUncheduledOptionalBest,countTotalHardBest,countTotalSoftBest,resBest,actualTemp
103,0,149,0,0,0,0,0,0,94,2176,667,14407,25,56,212,0,252,17637,12624628.000000,103,0,149,0,0,0,0,0,0,94,2176,667,14407,25,56,212,0,252,17637,12624628.000000,597.000000
103,0,149,0,0,0,2,0,0,94,2176,667,14407,26,56,212,0,254,17638,12724648.000000,103,0,149,0,0,0,0,0,0,94,2176,667,14407,25,56,212,0,252,17637,12624628.000000,594.015000
103,0,149,0,0,0,1,0,0,94,2176,667,14407,25,56,212,0,253,17637,12674628.000000,103,0,149,0,0,0,0,0,0,94,2176,667,14407,25,56,212,0,252,17637,12624628.000000,594.015000
91,0,149,0,0,0,0,0,0,94,2176,667,14407,25,56,212,0,240,17637,12024628.000000,91,0,149,0,0,0,0,0,0,94,2176,667,14407,25,56,212,0,240,17637,12024628.000000,594.015000
103,0,149,0,0,1,0,0,0,94,2168,666,14279,25,56,215,0,253,17503,12674532.000000,91,0,149,0,0,0,0,0,0,94,2176,667,14407,25,56,212,0,240,17637,12024628.000000,594.015000
103,0,149,0,0,2,0,0,0,94,2168,666,14279,25,56,213,0,254,17501,12724502.000000,91,0,149,0,0,0,0,0,0,94,2176,667,14407,25,56,212,0,240,17637,12024628.000000,591.044925
103,0,149,0,0,2,0,0,0,94,2168,666,14279,26,56,213,0,254,17502,12724522.000000,91,0,149,0,0,0,0,0,0,94,2176,667,14407,25,56,212,0,240,17637,12024628.000000,588.089700
103,5,148,0,0,2,0,0,0,93,2168,666,14279,25,56,213,0,258,17500,12924497.000000,91,0,149,0,0,0,0,0,0,94,2176,667,14407,25,56,212,0,240,17637,12024628.000000,588.089700
103,5,148,0,0,2,1,0,0,93,2168,666,14279,25,56,213,0,259,17500,12974497.000000,91,0,149,0,0,0,0,0,0,94,2176,667,14407,25,56,212,0,240,17637,12024628.000000,582.223506
103,5,148,0,0,2,1,0,0,93,2168,666,14279,25,56,213,0,259,17500,12974497.000000,91,0,149,0,0,0,0,0,0,94,2176,667,14407,25,56,212,0,240,17637,12024628.000000,582.223506
102,5,148,0,0,2,0,3,0,93,2163,666,14249,25,56,213,0,260,17465,13024462.000000,91,0,149,0,0,0,0,0,0,94,2176,667,14407,25,56,212,0,240,17637,12024628.000000,582.223506
104,5,148,0,0,2,0,0,0,94,2168,666,14279,25,56,213,0,259,17501,12974502.000000,91,0,149,0,0,0,0,0,0,94,2176,667,14407,25,56,212,0,240,17637,12024628.000000,582.223506
104,5,148,0,0,2,0,0,0,91,2168,666,14279,25,56,213,0,259,17498,12974487.000000,91,0,149,0,0,0,0,0,0,94,2176,667,14407,25,56,212,0,240,17637,12024628.000000,579.312388
104,5,148,0,0,2,0,0,0,90,2168,666,14279,25,56,213,0,259,17497,12974482.000000,91,0,149,0,0,0,0,0,0,94,2176,667,14407,25,56,212,0,240,17637,12024628.000000,579.312388
104,5,148,0,0,2,1,0,0,90,2168,666,14279,25,56,213,0,260,17497,13024482.000000,91,0,149,0,0,0,0,0,0,94,2176,667,14407,25,56,212,0,240,17637,12024628.000000,576.415826
104,5,148,0,0,2,1,0,0,90,2168,666,14279,25,56,213,0,260,17497,13024482.000000,91,0,149,0,0,0,0,0,0,94,2176,667,14407,25,56,212,0,240,17637,12024628.000000,576.415826
104,5,148,0,0,2,0,0,0,93,2160,666,14239,25,56,223,0,259,17462,12974599.000000,91,0,149,0,0,0,0,0,0,94,2176,667,14407,25,56,212,0,240,17637,12024628.000000,576.415826
104,5,147,0,0,2,1,0,0,90,2180,668,14279,25,56,217,0,259,17515,12974564.000000,91,0,149,0,0,0,0,0,0,94,2176,667,14407,25,56,212,0,240,17637,12024628.000000,576.415826
95,15,147,0,0,2,1,0,0,89,2180,668,14279,25,56,217,0,260,17514,13024559.000000,91,0,149,0,0,0,0,0,0,94,2176,667,14407,25,56,212,0,240,17637,12024628.000000,573.533747
104,5,149,0,0,2,1,6,0,90,2166,666,14188,25,56,217,0,267,17408,13374449.000000,91,0,149,0,0,0,0,0,0,94,2176,667,14407,25,56,212,0,240,17637,12024628.000000,573.533747
101,5,147,0,0,3,1,0,0,90,2180,669,14279,25,56,220,0,257,17519,12874614.000000,91,0,149,0,0,0,0,0,0,94,2176,667,14407,25,56,212,0,240,17637,12024628.000000,573.533747
99,5,147,0,0,3,1,0,0,90,2180,669,14279,25,56,220,0,255,17519,12774614.000000,91,0,149,0,0,0,0,0,0,94,2176,667,14407,25,56,212,0,240,17637,12024628.000000,567.812748
97,5,147,0,0,3,1,0,0,88,2180,669,14279,25,56,220,0,253,17517,12674604.000000,91,0,149,0,0,0,0,0,0,94,2176,667,14407,25,56,212,0,240,17637,12024628.000000,564.973684
96,5,146,0,0,3,1,0,0,87,2180,669,14279,25,56,220,0,251,17516,12574599.000000,91,0,149,0,0,0,0,0,0,94,2176,667,14407,25,56,212,0,240,17637,12024628.000000,562.148816
96,5,146,0,0,3,1,0,0,85,2180,670,14279,26,56,229,0,251,17525,12574749.000000,91,0,149,0,0,0,0,0,0,94,2176,667,14407,25,56,212,0,240,17637,12024628.000000,559.338072
96,5,146,0,0,3,2,0,0,85,2180,670,14279,26,56,229,0,252,17525,12624749.000000,91,0,149,0,0,0,0,0,0,94,2176,667,14407,25,56,212,0,240,17637,12024628.000000,556.541381
98,7,146,0,0,3,1,0,0,85,2180,670,14279,26,56,229,0,255,17525,12774749.000000,91,0,149,0,0,0,0,0,0,94,2176,667,14407,25,56,212,0,240,17637,12024628.000000,556.541381
93,5,146,0,0,3,1,0,0,78,2180,670,14279,26,56,229,0,248,17518,12424714.000000,91,0,149,0,0,0,0,0,0,94,2176,667,14407,25,56,212,0,240,17637,12024628.000000,556.541381
93,5,146,0,0,3,1,0,0,77,2180,670,14279,26,56,229,0,248,17517,12424709.000000,91,0,149,0,0,0,0,0,0,94,2176,667,14407,25,56,212,0,240,17637,12024628.000000,550.989881
93,5,148,0,0,3,1,0,0,78,2177,670,14279,26,56,231,0,250,17517,12524741.000000,91,0,149,0,0,0,0,0,0,94,2176,667,14407,25,56,212,0,240,17637,12024628.000000,550.989881
92,5,147,0,0,3,1,0,0,79,2177,670,14279,26,56,231,0,248,17518,12424746.000000,91,0,149,0,0,0,0,0,0,94,2176,667,14407,25,56,212,0,240,17637,12024628.000000,548.234932
92,5,147,0,0,3,1,0,0,86,2177,670,14279,26,56,231,0,248,17525,12424781.000000,91,0,149,0,0,0,0,0,0,94,2176,667,14407,25,56,212,0,240,17637,12024628.000000,545.493757
93,5,143,0,0,3,1,0,0,86,2177,670,14279,26,56,231,0,245,17525,12274781.000000,91,0,149,0,0,0,0,0,0,94,2176,667,14407,25,56,212,0,240,17637,12024628.000000,542.766288
93,5,143,0,0,3,2,0,0,86,2177,670,14279,26,56,231,0,246,17525,12324781.000000,91,0,149,0,0,0,0,0,0,94,2176,667,14407,25,56,212,0,240,17637,12024628.000000,540.052457
93,5,143,0,0,3,1,0,0,85,2173,671,14279,26,56,232,0,245,17522,12274792.000000,91,0,149,0,0,0,0,0,0,94,2176,667,14407,25,56,212,0,240,17637,12024628.000000,540.052457
92,5,143,0,0,3,1,0,0,84,2173,671,14279,26,56,232,0,244,17521,12224787.000000,91,0,149,0,0,0,0,0,0,94,2176,667,14407,25,56,212,0,240,17637,12024628.000000,534.665433
92,5,144,0,0,3,1,3,0,85,2173,670,14259,26,56,232,0,248,17501,12424767.000000,91,0,149,0,0,0,0,0,0,94,2176,667,14407,25,56,212,0,240,17637,12024628.000000,526.685485
92,5,143,0,0,3,2,0,0,84,2173,671,14279,26,56,231,0,245,17520,12274772.000000,91,0,149,0,0,0,0,0,0,94,2176,667,14407,25,56,212,0,240,17637,12024628.000000,526.685485
92,5,144,0,0,3,2,0,0,84,2171,671,14233,26,56,238,0,246,17479,12324829.000000,91,0,149,0,0,0,0,0,0,94,2176,667,14407,25,56,212,0,240,17637,12024628.000000,524.052058
92,5,144,0,0,3,2,0,0,84,2171,671,14233,25,56,237,0,246,17477,12324794.000000,91,0,149,0,0,0,0,0,0,94,2176,667,14407,25,56,212,0,240,17637,12024628.000000,521.431797
91,5,144,0,0,3,2,0,0,84,2171,671,14233,25,56,237,0,245,17477,12274794.000000,91,0,149,0,0,0,0,0,0,94,2176,667,14407,25,56,212,0,240,17637,12024628.000000,516.230515
92,5,144,0,0,3,1,0,0,85,2163,668,14185,26,56,243,0,245,17426,12274838.000000,91,0,149,0,0,0,0,0,0,94,2176,667,14407,25,56,212,0,240,17637,12024628.000000,516.230515
92,5,142,0,0,3,2,0,0,82,2171,671,14233,25,56,239,0,244,17477,12224814.000000,91,0,149,0,0,0,0,0,0,94,2176,667,14407,25,56,212,0,240,17637,12024628.000000,516.230515
85,5,138,0,0,4,2,0,0,78,2164,672,13979,25,56,246,0,234,17220,11724643.000000,85,5,138,0,0,4,2,0,0,78,2164,672,13979,25,56,246,0,234,17220,11724643.000000,513.649363
85,5,138,0,0,4,2,0,0,76,2164,672,13979,25,56,246,0,234,17218,11724633.000000,85,5,138,0,0,4,2,0,0,76,2164,672,13979,25,56,246,0,234,17218,11724633.000000,511.081116
84,5,138,0,0,4,2,3,0,77,2163,669,13973,25,56,246,0,236,17209,11824616.000000,85,5,138,0,0,4,2,0,0,76,2164,672,13979,25,56,246,0,234,17218,11724633.000000,511.081116
85,5,138,0,0,5,3,0,0,78,2166,672,13979,25,56,251,0,236,17227,11824720.000000,85,5,138,0,0,4,2,0,0,76,2164,672,13979,25,56,246,0,234,17218,11724633.000000,511.081116
85,5,138,0,0,5,3,0,0,78,2164,671,13961,25,56,253,0,236,17208,11824725.000000,85,5,138,0,0,4,2,0,0,76,2164,672,13979,25,56,246,0,234,17218,11724633.000000,508.525710
84,5,138,0,0,5,3,0,0,78,2166,673,13979,26,56,259,0,235,17237,11774865.000000,85,5,138,0,0,4,2,0,0,76,2164,672,13979,25,56,246,0,234,17218,11724633.000000,508.525710
84,5,138,0,0,5,3,0,0,81,2166,673,13979,26,56,259,0,235,17240,11774880.000000,85,5,138,0,0,4,2,0,0,76,2164,672,13979,25,56,246,0,234,17218,11724633.000000,500.935900
84,5,138,0,0,5,3,0,0,83,2166,673,13979,26,56,259,0,235,17242,11774890.000000,85,5,138,0,0,4,2,0,0,76,2164,672,13979,25,56,246,0,234,17218,11724633.000000,498.431221
84,5,137,0,0,5,3,0,0,81,2169,673,13979,26,56,258,0,234,17242,11724868.000000,85,5,138,0,0,4,2,0,0,76,2164,672,13979,25,56,246,0,234,17218,11724633.000000,498.431221
84,5,137,0,0,5,4,0,0,81,2169,673,13979,27,56,258,0,235,17243,11774888.000000,85,5,138,0,0,4,2,0,0,76,2164,672,13979,25,56,246,0,234,17218,11724633.000000,495.939065
81,5,137,0,0,5,4,0,0,81,2174,675,13979,27,56,263,0,232,17255,11624978.000000,81,5,137,0,0,5,4,0,0,81,2174,675,13979,27,56,263,0,232,17255,11624978.000000,493.459369
83,5,135,0,0,5,4,6,0,81,2174,673,13939,27,56,263,0,238,17213,11924928.000000,81,5,137,0,0,5,4,0,0,81,2174,675,13979,27,56,263,0,232,17255,11624978.000000,490.992073
82,5,137,0,0,5,4,0,0,81,2174,676,13979,27,56,265,0,233,17258,11675013.000000,81,5,137,0,0,5,4,0,0,81,2174,675,13979,27,56,263,0,232,17255,11624978.000000,490.992073
82,8,137,0,0,5,4,0,0,81,2174,676,13979,27,56,265,0,236,17258,11825013.000000,81,5,137,0,0,5,4,0,0,81,2174,675,13979,27,56,263,0,232,17255,11624978.000000,488.537112
70,5,137,0,0,5,4,0,0,81,2174,676,13979,27,56,265,0,221,17258,11075013.000000,70,5,137,0,0,5,4,0,0,81,2174,676,13979,27,56,265,0,221,17258,11075013.000000,488.537112
68,5,137,0,0,5,4,0,0,81,2174,676,13979,27,56,265,0,219,17258,10975013.000000,68,5,137,0,0,5,4,0,0,81,2174,676,13979,27,56,265,0,219,17258,10975013.000000,481.245635
66,5,137,0,0,5,4,0,0,81,2174,676,13979,27,56,265,0,217,17258,10875013.000000,66,5,137,0,0,5,4,0,0,81,2174,676,13979,27,56,265,0,217,17258,10875013.000000,481.245635
66,5,137,0,0,5,4,0,0,80,2174,676,13979,27,56,265,0,217,17257,10875008.000000,66,5,137,0,0,5,4,0,0,80,2174,676,13979,27,56,265,0,217,17257,10875008.000000,478.839407
66,5,137,0,0,5,4,0,0,80,2174,676,13979,27,56,265,0,217,17257,10875008.000000,66,5,137,0,0,5,4,0,0,80,2174,676,13979,27,56,265,0,217,17257,10875008.000000,478.839407
66,5,137,0,0,6,3,0,0,81,2172,678,13979,27,56,262,0,217,17255,10874976.000000,66,5,137,0,0,6,3,0,0,81,2172,678,13979,27,56,262,0,217,17255,10874976.000000,478.839407
66,5,137,0,0,6,4,0,0,81,2172,678,13979,27,56,262,0,218,17255,10924976.000000,66,5,137,0,0,6,3,0,0,81,2172,678,13979,27,56,262,0,217,17255,10874976.000000,476.445210
69,5,137,0,0,6,3,0,0,81,2172,678,13979,27,56,262,0,220,17255,11024976.000000,66,5,137,0,0,6,3,0,0,81,2172,678,13979,27,56,262,0,217,17255,10874976.000000,476.445210
66,5,138,0,0,6,4,0,0,82,2182,679,13979,28,56,267,0,219,17273,10975091.000000,66,5,137,0,0,6,3,0,0,81,2172,678,13979,27,56,262,0,217,17255,10874976.000000,476.445210
66,5,137,0,0,7,4,0,0,81,2172,679,13979,28,56,264,0,219,17259,10975031.000000,66,5,137,0,0,6,3,0,0,81,2172,678,13979,27,56,262,0,217,17255,10874976.000000,476.445210
66,5,137,0,0,7,4,0,0,81,2166,678,13940,28,56,265,0,219,17214,10974996.000000,66,5,137,0,0,6,3,0,0,81,2172,678,13979,27,56,262,0,217,17255,10874976.000000,474.062984
65,5,135,0,0,7,4,3,0,77,2130,679,13694,28,56,271,0,219,16935,10974789.000000,66,5,137,0,0,6,3,0,0,81,2172,678,13979,27,56,262,0,217,17255,10874976.000000,471.692669
70,5,135,0,0,7,4,3,0,77,2130,679,13694,28,56,271,0,224,16935,11224789.000000,66,5,137,0,0,6,3,0,0,81,2172,678,13979,27,56,262,0,217,17255,10874976.000000,469.334205
69,5,135,0,0,7,4,3,0,77,2130,679,13694,28,56,271,0,223,16935,11174789.000000,66,5,137,0,0,6,3,0,0,81,2172,678,13979,27,56,262,0,217,17255,10874976.000000,466.987534
70,5,135,0,0,6,4,3,0,77,2134,680,13694,28,56,275,0,223,16944,11174858.000000,66,5,137,0,0,6,3,0,0,81,2172,678,13979,27,56,262,0,217,17255,10874976.000000,466.987534
71,5,133,0,0,7,4,3,0,77,2137,681,13694,28,56,277,0,223,16950,11174896.000000,66,5,137,0,0,6,3,0,0,81,2172,678,13979,27,56,262,0,217,17255,10874976.000000,466.987534
71,5,133,0,0,7,4,3,0,77,2137,680,13694,28,56,279,0,223,16951,11174921.000000,66,5,137,0,0,6,3,0,0,81,2172,678,13979,27,56,262,0,217,17255,10874976.000000,464.652597
71,5,133,0,0,7,5,3,0,77,2137,680,13694,28,56,279,0,224,16951,11224921.000000,66,5,137,0,0,6,3,0,0,81,2172,678,13979,27,56,262,0,217,17255,10874976.000000,462.329334
70,5,132,0,0,7,4,3,0,76,2137,680,13694,28,56,279,0,221,16950,11074916.000000,66,5,137,0,0,6,3,0,0,81,2172,678,13979,27,56,262,0,217,17255,10874976.000000,462.329334
71,5,131,0,0,6,4,3,0,77,2138,679,13657,28,56,280,0,220,16915,11024895.000000,66,5,137,0,0,6,3,0,0,81,2172,678,13979,27,56,262,0,217,17255,10874976.000000,462.329334
70,5,132,0,0,6,4,3,0,77,2138,679,13657,28,56,280,0,220,16915,11024895.000000,66,5,137,0,0,6,3,0,0,81,2172,678,13979,27,56,262,0,217,17255,10874976.000000,457.717598
68,5,132,0,0,6,4,3,0,77,2138,679,13657,28,56,280,0,218,16915,10924895.000000,66,5,137,0,0,6,3,0,0,81,2172,678,13979,27,56,262,0,217,17255,10874976.000000,455.429010
74,5,133,0,0,6,4,3,0,78,2138,679,13657,28,56,280,0,225,16916,11274900.000000,66,5,137,0,0,6,3,0,0,81,2172,678,13979,27,56,262,0,217,17255,10874976.000000,455.429010
70,5,133,0,0,6,4,3,0,77,2144,680,13703,28,56,278,0,221,16966,11074922.000000,66,5,137,0,0,6,3,0,0,81,2172,678,13979,27,56,262,0,217,17255,10874976.000000,455.429010
70,5,132,0,0,7,4,3,0,77,2138,679,13657,28,56,281,0,221,16916,11074910.000000,66,5,137,0,0,6,3,0,0,81,2172,678,13979,27,56,262,0,217,17255,10874976.000000,455.429010
70,5,132,0,0,7,4,3,0,77,2134,680,13657,28,56,284,0,221,16916,11074956.000000,66,5,137,0,0,6,3,0,0,81,2172,678,13979,27,56,262,0,217,17255,10874976.000000,453.151865
72,5,132,0,0,7,4,3,0,77,2134,678,13648,28,56,284,0,223,16905,11174937.000000,66,5,137,0,0,6,3,0,0,81,2172,678,13979,27,56,262,0,217,17255,10874976.000000,450.886106
73,5,132,0,0,8,5,3,0,77,2153,683,13792,27,56,280,0,226,17068,11325045.000000,66,5,137,0,0,6,3,0,0,81,2172,678,13979,27,56,262,0,217,17255,10874976.000000,448.631676
73,5,132,0,0,8,5,3,0,79,2153,683,13792,27,56,280,0,226,17070,11325055.000000,66,5,137,0,0,6,3,0,0,81,2172,678,13979,27,56,262,0,217,17255,10874976.000000,446.388517
71,5,133,0,0,8,5,3,0,77,2153,683,13792,27,56,280,0,225,17068,11275045.000000,66,5,137,0,0,6,3,0,0,81,2172,678,13979,27,56,262,0,217,17255,10874976.000000,446.388517
73,5,132,0,0,7,5,3,0,77,2158,683,13792,27,56,281,0,225,17074,11275065.000000,66,5,137,0,0,6,3,0,0,81,2172,678,13979,27,56,262,0,217,17255,10874976.000000,446.388517
73,5,132,0,0,7,5,3,0,77,2160,683,13792,27,56,286,0,225,17081,11275142.000000,66,5,137,0,0,6,3,0,0,81,2172,678,13979,27,56,262,0,217,17255,10874976.000000,444.156575
73,5,132,0,0,7,5,3,0,77,2119,681,13591,28,56,289,0,225,16841,11274955.000000,66,5,137,0,0,6,3,0,0,81,2172,678,13979,27,56,262,0,217,17255,10874976.000000,435.339845
72,5,132,0,0,7,5,3,0,76,2119,681,13591,28,56,289,0,224,16840,11224950.000000,66,5,137,0,0,6,3,0,0,81,2172,678,13979,27,56,262,0,217,17255,10874976.000000,426.698131
73,5,129,0,0,8,5,3,0,78,2106,681,13410,28,56,295,0,223,16654,11174856.000000,66,5,137,0,0,6,3,0,0,81,2172,678,13979,27,56,262,0,217,17255,10874976.000000,426.698131
73,5,128,0,0,8,5,3,0,78,2104,680,13392,29,56,297,0,222,16636,11124881.000000,66,5,137,0,0,6,3,0,0,81,2172,678,13979,27,56,262,0,217,17255,10874976.000000,424.564641
74,5,129,0,0,8,5,3,0,79,2104,680,13392,29,56,297,0,224,16637,11224886.000000,66,5,137,0,0,6,3,0,0,81,2172,678,13979,27,56,262,0,217,17255,10874976.000000,420.329609
73,5,128,0,0,8,5,3,0,78,2104,681,13392,29,56,300,0,222,16640,11124931.000000,66,5,137,0,0,6,3,0,0,81,2172,678,13979,27,56,262,0,217,17255,10874976.000000,420.329609
73,5,128,0,0,7,5,3,0,78,2106,680,13392,29,56,304,0,221,16645,11074988.000000,66,5,137,0,0,6,3,0,0,81,2172,678,13979,27,56,262,0,217,17255,10874976.000000,411.985856
71,5,128,0,0,7,5,3,0,77,2106,680,13392,29,56,304,0,219,16644,10974983.000000,66,5,137,0,0,6,3,0,0,81,2172,678,13979,27,56,262,0,217,17255,10874976.000000,409.925927
71,5,128,0,0,7,5,3,0,76,2106,681,13427,29,56,304,0,219,16679,10975018.000000,66,5,137,0,0,6,3,0,0,81,2172,678,13979,27,56,262,0,217,17255,10874976.000000,403.807731
71,3,128,0,0,7,5,3,0,80,2093,680,13308,29,56,314,0,217,16560,10875051.000000,66,5,137,0,0,6,3,0,0,81,2172,678,13979,27,56,262,0,217,17255,10874976.000000,403.807731
71,3,128,0,0,7,5,3,0,80,2093,680,13308,30,56,314,0,217,16561,10875071.000000,66,5,137,0,0,6,3,0,0,81,2172,678,13979,27,56,262,0,217,17255,10874976.000000,401.788692
71,3,128,0,0,7,5,3,0,80,2093,680,13308,29,56,314,0,217,16560,10875051.000000,66,5,137,0,0,6,3,0,0,81,2172,678,13979,27,56,262,0,217,17255,10874976.000000,399.779749
71,3,128,0,0,7,5,3,0,80,2078,678,13204,29,56,316,0,217,16441,10874952.000000,71,3,128,0,0,7,5,3,0,80,2078,678,13204,29,56,316,0,217,16441,10874952.000000,397.780850
70,3,128,0,0,6,4,3,0,80,2059,673,13060,29,56,320,0,214,16277,10724824.000000,70,3,128,0,0,6,4,3,0,80,2059,673,13060,29,56,320,0,214,16277,10724824.000000,395.791946
74,3,129,0,0,6,4,3,0,79,2059,673,13060,29,56,320,0,219,16276,10974819.000000,70,3,128,0,0,6,4,3,0,80,2059,673,13060,29,56,320,0,214,16277,10724824.000000,391.843921
74,3,129,0,0,6,4,3,0,81,2086,674,13192,29,56,318,0,219,16436,10974963.000000,70,3,128,0,0,6,4,3,0,80,2059,673,13060,29,56,320,0,214,16277,10724824.000000,389.884702
74,3,129,0,0,6,4,3,0,81,2084,673,13192,29,56,321,0,219,16436,10975001.000000,70,3,128,0,0,6,4,3,0,80,2059,673,13060,29,56,320,0,214,16277,10724824.000000,382.145296
73,3,129,0,0,6,4,3,0,81,2089,675,13192,29,56,329,0,218,16451,10925136.000000,70,3,128,0,0,6,4,3,0,80,2059,673,13060,29,56,320,0,214,16277,10724824.000000,374.559521
73,3,134,0,0,6,4,3,0,85,2089,675,13192,29,56,329,0,223,16455,11175156.000000,70,3,128,0,0,6,4,3,0,80,2059,673,13060,29,56,320,0,214,16277,10724824.000000,372.686723
73,3,129,0,0,6,4,3,0,81,2101,675,13192,29,56,331,0,218,16465,10925178.000000,70,3,128,0,0,6,4,3,0,80,2059,673,13060,29,56,320,0,214,16277,10724824.000000,372.686723
73,3,126,0,0,6,4,3,0,81,2101,675,13192,29,56,331,0,215,16465,10775178.000000,70,3,128,0,0,6,4,3,0,80,2059,673,13060,29,56,320,0,214,16277,10724824.000000,368.969173
73,3,126,0,0,6,4,3,0,83,2101,674,13192,29,56,329,0,215,16464,10775153.000000,70,3,128,0,0,6,4,3,0,80,2059,673,13060,29,56,320,0,214,16277,10724824.000000,367.124327
73,3,126,0,0,6,4,3,0,81,2101,675,13192,29,56,331,0,215,16465,10775178.000000,70,3,128,0,0,6,4,3,0,80,2059,673,13060,29,56,320,0,214,16277,10724824.000000,358.037542
73,3,126,0,0,6,4,3,0,81,2097,676,13192,29,56,329,0,215,16460,10775149.000000,70,3,128,0,0,6,4,3,0,80,2059,673,13060,29,56,320,0,214,16277,10724824.000000,354.466118
72,3,126,0,0,6,4,3,0,81,2097,676,13192,29,56,329,0,214,16460,10725149.000000,70,3,128,0,0,6,4,3,0,80,2059,673,13060,29,56,320,0,214,16277,10724824.000000,352.693787
71,3,126,0,0,6,4,3,0,80,2104,679,13192,29,56,336,0,213,16476,10675271.000000,71,3,126,0,0,6,4,3,0,80,2104,679,13192,29,56,336,0,213,16476,10675271.000000,352.693787
68,6,126,0,0,6,4,3,0,80,2104,679,13192,29,56,336,0,213,16476,10675271.000000,71,3,126,0,0,6,4,3,0,80,2104,679,13192,29,56,336,0,213,16476,10675271.000000,343.964176
71,3,126,0,0,6,4,3,0,80,2104,678,13192,29,56,332,0,213,16471,10675206.000000,71,3,126,0,0,6,4,3,0,80,2104,678,13192,29,56,332,0,213,16471,10675206.000000,343.964176
71,3,126,0,0,6,4,3,0,80,2104,678,13192,30,56,332,0,213,16472,10675226.000000,71,3,126,0,0,6,4,3,0,80,2104,678,13192,29,56,332,0,213,16471,10675206.000000,342.244355
66,3,126,0,0,6,4,3,0,80,2104,678,13192,29,56,332,0,208,16471,10425206.000000,66,3,126,0,0,6,4,3,0,80,2104,678,13192,29,56,332,0,208,16471,10425206.000000,342.244355
67,3,125,0,0,6,4,9,0,80,2098,675,13156,29,56,332,0,214,16426,10725149.000000,66,3,126,0,0,6,4,3,0,80,2104,678,13192,29,56,332,0,208,16471,10425206.000000,340.533133
66,3,125,0,0,6,4,3,0,80,2101,679,13192,29,56,333,0,207,16470,10375223.000000,66,3,125,0,0,6,4,3,0,80,2101,679,13192,29,56,333,0,207,16470,10375223.000000,340.533133
66,3,125,0,0,6,5,3,0,80,2101,679,13192,29,56,333,0,208,16470,10425223.000000,66,3,125,0,0,6,4,3,0,80,2101,679,13192,29,56,333,0,207,16470,10375223.000000,338.830468
66,3,125,0,0,6,4,3,0,78,2101,679,13192,29,56,333,0,207,16468,10375213.000000,66,3,125,0,0,6,4,3,0,78,2101,679,13192,29,56,333,0,207,16468,10375213.000000,338.830468
66,3,124,0,0,6,4,3,0,79,2018,680,12613,29,56,339,0,206,15814,10324651.000000,66,3,124,0,0,6,4,3,0,79,2018,680,12613,29,56,339,0,206,15814,10324651.000000,338.830468
62,3,124,0,0,6,4,3,0,79,2018,680,12613,29,56,339,0,202,15814,10124651.000000,62,3,124,0,0,6,4,3,0,79,2018,680,12613,29,56,339,0,202,15814,10124651.000000,337.136315
60,3,124,0,0,6,4,3,0,79,2018,680,12613,29,56,339,0,200,15814,10024651.000000,60,3,124,0,0,6,4,3,0,79,2018,680,12613,29,56,339,0,200,15814,10024651.000000,333.773381
60,3,124,0,0,6,4,3,0,79,2018,680,12613,30,56,339,0,200,15815,10024671.000000,60,3,124,0,0,6,4,3,0,79,2018,680,12613,29,56,339,0,200,15814,10024651.000000,330.443991
60,3,126,0,0,6,4,3,0,79,2018,680,12613,30,56,339,0,202,15815,10124671.000000,60,3,124,0,0,6,4,3,0,79,2018,680,12613,29,56,339,0,200,15814,10024651.000000,328.791771
59,3,124,0,0,6,4,3,0,79,2018,680,12613,30,56,339,0,199,15815,9974671.000000,59,3,124,0,0,6,4,3,0,79,2018,680,12613,30,56,339,0,199,15815,9974671.000000,328.791771
59,3,122,0,0,6,4,3,0,79,2018,680,12613,30,56,339,0,197,15815,9874671.000000,59,3,122,0,0,6,4,3,0,79,2018,680,12613,30,56,339,0,197,15815,9874671.000000,325.512073
59,3,122,0,0,6,4,3,0,79,2018,680,12613,29,56,339,0,197,15814,9874651.000000,59,3,122,0,0,6,4,3,0,79,2018,680,12613,29,56,339,0,197,15814,9874651.000000,320.653765
58,3,119,0,0,6,4,3,0,78,2018,680,12613,30,56,339,0,193,15814,9674666.000000,58,3,119,0,0,6,4,3,0,78,2018,680,12613,30,56,339,0,193,15814,9674666.000000,320.653765
56,3,119,0,0,6,4,3,0,77,2018,680,12613,30,56,339,0,191,15813,9574661.000000,56,3,119,0,0,6,4,3,0,77,2018,680,12613,30,56,339,0,191,15813,9574661.000000,319.050496
56,3,119,0,0,6,4,3,0,76,2018,680,12613,30,56,339,0,191,15812,9574656.000000,56,3,119,0,0,6,4,3,0,76,2018,680,12613,30,56,339,0,191,15812,9574656.000000,317.455244
56,3,119,0,0,6,4,3,0,77,2014,680,12613,30,56,341,0,191,15811,9574687.000000,56,3,119,0,0,6,4,3,0,76,2018,680,12613,30,56,339,0,191,15812,9574656.000000,317.455244
56,3,119,0,0,6,4,3,0,77,2017,679,12569,30,56,342,0,191,15770,9574656.000000,56,3,119,0,0,6,4,3,0,76,2018,680,12613,30,56,339,0,191,15812,9574656.000000,314.288628
56,3,119,0,0,6,5,3,0,77,2023,678,12569,30,56,341,0,192,15774,9624642.000000,56,3,119,0,0,6,4,3,0,76,2018,680,12613,30,56,339,0,191,15812,9574656.000000,311.153599
56,3,119,0,0,6,5,3,0,77,2023,678,12569,30,56,339,0,192,15772,9624612.000000,56,3,119,0,0,6,4,3,0,76,2018,680,12613,30,56,339,0,191,15812,9574656.000000,309.597831
56,3,119,0,0,6,5,3,0,76,2009,678,12513,30,56,341,0,192,15703,9624567.000000,56,3,119,0,0,6,4,3,0,76,2018,680,12613,30,56,339,0,191,15812,9574656.000000,308.049841
56,3,119,0,0,5,5,3,0,77,2030,678,12618,30,56,338,0,191,15827,9574653.000000,56,3,119,0,0,5,5,3,0,77,2030,678,12618,30,56,338,0,191,15827,9574653.000000,308.049841
56,3,119,0,0,5,4,3,0,77,2025,676,12618,30,56,333,0,190,15815,9524563.000000,56,3,119,0,0,5,4,3,0,77,2025,676,12618,30,56,333,0,190,15815,9524563.000000,303.452159
56,3,118,0,0,5,4,3,0,77,2025,674,12603,30,56,333,0,189,15798,9474538.000000,56,3,118,0,0,5,4,3,0,77,2025,674,12603,30,56,333,0,189,15798,9474538.000000,301.934898
56,3,118,0,0,5,4,3,0,77,1984,673,12361,30,56,336,0,189,15517,9474295.000000,56,3,118,0,0,5,4,3,0,77,1984,673,12361,30,56,336,0,189,15517,9474295.000000,300.425224
56,3,118,0,0,4,3,3,0,77,1984,672,12361,29,56,334,0,187,15513,9374240.000000,56,3,118,0,0,4,3,3,0,77,1984,672,12361,29,56,334,0,187,15513,9374240.000000,291.524378
56,3,118,0,0,6,4,3,0,76,1984,673,12361,30,56,339,0,190,15519,9524335.000000,56,3,118,0,0,4,3,3,0,77,1984,672,12361,29,56,334,0,187,15513,9374240.000000,291.524378
56,3,118,0,0,6,5,3,0,76,1984,673,12361,30,56,339,0,191,15519,9574335.000000,56,3,118,0,0,4,3,3,0,77,1984,672,12361,29,56,334,0,187,15513,9374240.000000,290.066756
56,3,118,0,0,6,5,3,0,76,1984,672,12341,30,56,339,0,191,15498,9574310.000000,56,3,118,0,0,4,3,3,0,77,1984,672,12361,29,56,334,0,187,15513,9374240.000000,285.737474
56,5,118,0,0,7,4,3,0,75,2007,675,12445,30,56,336,0,193,15624,9674402.000000,56,3,118,0,0,4,3,3,0,77,1984,672,12361,29,56,334,0,187,15513,9374240.000000,285.737474
56,5,118,0,0,7,4,3,0,72,1962,673,12286,30,56,340,0,193,15419,9674233.000000,56,3,118,0,0,4,3,3,0,77,1984,672,12361,29,56,334,0,187,15513,9374240.000000,284.308786
56,5,118,0,0,7,4,3,0,72,1967,674,12286,30,56,345,0,193,15430,9674318.000000,56,3,118,0,0,4,3,3,0,77,1984,672,12361,29,56,334,0,187,15513,9374240.000000,282.887242
55,5,118,0,0,7,4,3,0,72,1967,674,12286,30,56,344,0,192,15429,9624303.000000,56,3,118,0,0,4,3,3,0,77,1984,672,12361,29,56,334,0,187,15513,9374240.000000,280.065442
55,5,118,0,0,7,4,3,0,69,1967,674,12286,30,56,344,0,192,15426,9624288.000000,56,3,118,0,0,4,3,3,0,77,1984,672,12361,29,56,334,0,187,15513,9374240.000000,278.665115
53,5,118,0,0,7,4,3,0,72,1967,674,12286,30,56,344,0,190,15429,9524303.000000,56,3,118,0,0,4,3,3,0,77,1984,672,12361,29,56,334,0,187,15513,9374240.000000,278.665115
53,5,118,0,0,7,4,3,0,71,1967,674,12286,30,56,342,0,190,15426,9524268.000000,56,3,118,0,0,4,3,3,0,77,1984,672,12361,29,56,334,0,187,15513,9374240.000000,277.271789
53,5,118,0,0,7,4,3,0,72,1938,673,12153,30,56,346,0,190,15268,9524166.000000,56,3,118,0,0,4,3,3,0,77,1984,672,12361,29,56,334,0,187,15513,9374240.000000,277.271789
54,5,118,0,0,7,4,3,0,72,1938,673,12153,30,56,346,0,191,15268,9574166.000000,56,3,118,0,0,4,3,3,0,77,1984,672,12361,29,56,334,0,187,15513,9374240.000000,275.885430
53,5,119,0,0,7,4,3,0,72,1944,673,12199,30,56,340,0,191,15314,9574128.000000,56,3,118,0,0,4,3,3,0,77,1984,672,12361,29,56,334,0,187,15513,9374240.000000,275.885430
53,5,118,0,0,7,4,3,0,72,1944,673,12199,30,56,340,0,190,15314,9524128.000000,56,3,118,0,0,4,3,3,0,77,1984,672,12361,29,56,334,0,187,15513,9374240.000000,274.506003
53,5,118,0,0,7,4,3,0,72,1944,675,12208,30,56,340,0,190,15325,9524147.000000,56,3,118,0,0,4,3,3,0,77,1984,672,12361,29,56,334,0,187,15513,9374240.000000,273.133473
54,5,118,0,0,6,4,3,0,73,1947,673,12199,30,56,339,0,190,15317,9524121.000000,56,3,118,0,0,4,3,3,0,77,1984,672,12361,29,56,334,0,187,15513,9374240.000000,273.133473
54,5,118,0,0,6,4,3,0,73,1949,674,12217,30,56,337,0,190,15336,9524116.000000,56,3,118,0,0,4,3,3,0,77,1984,672,12361,29,56,334,0,187,15513,9374240.000000,271.767806
56,5,115,0,0,6,4,3,0,70,1949,674,12217,30,56,337,0,189,15333,9474101.000000,56,3,118,0,0,4,3,3,0,77,1984,672,12361,29,56,334,0,187,15513,9374240.000000,270.408967
55,5,112,0,0,6,4,3,0,74,1945,675,12217,30,56,343,0,185,15340,9274212.000000,55,5,112,0,0,6,4,3,0,74,1945,675,12217,30,56,343,0,185,15340,9274212.000000,269.056922
55,5,112,0,0,6,4,3,0,73,1945,675,12217,30,56,343,0,185,15339,9274207.000000,55,5,112,0,0,6,4,3,0,73,1945,675,12217,30,56,343,0,185,15339,9274207.000000,267.711637
55,5,112,0,0,6,4,3,0,73,1950,676,12217,30,56,347,0,185,15349,9274277.000000,55,5,112,0,0,6,4,3,0,73,1945,675,12217,30,56,343,0,185,15339,9274207.000000,265.041214
55,5,112,0,0,6,4,3,0,72,1950,675,12217,30,56,345,0,185,15345,9274237.000000,55,5,112,0,0,6,4,3,0,73,1945,675,12217,30,56,343,0,185,15339,9274207.000000,262.397428
55,5,112,0,0,6,4,3,0,72,1950,675,12217,29,56,345,0,185,15344,9274217.000000,55,5,112,0,0,6,4,3,0,73,1945,675,12217,30,56,343,0,185,15339,9274207.000000,261.085441
55,5,112,0,0,6,4,3,0,70,1950,675,12217,30,56,345,0,185,15343,9274227.000000,55,5,112,0,0,6,4,3,0,73,1945,675,12217,30,56,343,0,185,15339,9274207.000000,261.085441
55,5,112,0,0,6,4,3,0,70,1950,675,12217,29,56,345,0,185,15342,9274207.000000,55,5,112,0,0,6,4,3,0,73,1945,675,12217,30,56,343,0,185,15339,9274207.000000,259.780013
55,5,112,0,0,6,4,3,0,69,1950,675,12217,30,56,345,0,185,15342,9274222.000000,55,5,112,0,0,6,4,3,0,73,1945,675,12217,30,56,343,0,185,15339,9274207.000000,259.780013
55,5,112,0,0,6,4,3,0,70,1947,675,12217,30,56,343,0,185,15338,9274194.000000,55,5,112,0,0,6,4,3,0,70,1947,675,12217,30,56,343,0,185,15338,9274194.000000,259.780013
50,5,112,0,0,7,4,3,0,70,1897,676,11906,30,56,351,0,181,14986,9073958.000000,50,5,112,0,0,7,4,3,0,70,1897,676,11906,30,56,351,0,181,14986,9073958.000000,258.481113
48,5,112,0,0,7,4,3,0,70,1897,676,11906,30,56,351,0,179,14986,8973958.000000,48,5,112,0,0,7,4,3,0,70,1897,676,11906,30,56,351,0,179,14986,8973958.000000,253.350134
48,5,112,0,0,7,4,3,0,70,1897,676,11906,29,56,351,0,179,14985,8973938.000000,48,5,112,0,0,7,4,3,0,70,1897,676,11906,29,56,351,0,179,14985,8973938.000000,244.614785
48,5,112,0,0,7,4,3,0,70,1897,676,11906,30,56,351,0,179,14986,8973958.000000,48,5,112,0,0,7,4,3,0,70,1897,676,11906,29,56,351,0,179,14985,8973938.000000,243.391712
48,5,112,0,0,7,4,3,0,70,1897,676,11906,30,56,351,0,179,14986,8973958.000000,48,5,112,0,0,7,4,3,0,70,1897,676,11906,29,56,351,0,179,14985,8973938.000000,243.391712
48,5,112,0,0,7,4,3,0,70,1897,676,11906,29,56,351,0,179,14985,8973938.000000,48,5,112,0,0,7,4,3,0,70,1897,676,11906,29,56,351,0,179,14985,8973938.000000,242.174753
48,5,112,0,0,7,4,3,0,70,1924,679,12080,30,56,348,0,179,15187,8974129.000000,48,5,112,0,0,7,4,3,0,70,1897,676,11906,29,56,351,0,179,14985,8973938.000000,242.174753
48,5,112,0,0,7,4,3,0,70,1924,679,12080,29,56,348,0,179,15186,8974109.000000,48,5,112,0,0,7,4,3,0,70,1897,676,11906,29,56,351,0,179,14985,8973938.000000,240.963879
50,5,112,0,0,7,4,3,0,70,1924,679,12080,29,56,346,0,181,15184,9074079.000000,48,5,112,0,0,7,4,3,0,70,1897,676,11906,29,56,351,0,179,14985,8973938.000000,239.759060
47,5,112,0,0,8,5,3,0,70,1924,681,12080,29,56,350,0,180,15190,9024149.000000,48,5,112,0,0,7,4,3,0,70,1897,676,11906,29,56,351,0,179,14985,8973938.000000,239.759060
48,5,112,0,0,7,4,3,0,70,1897,676,11738,28,56,358,0,179,14823,8973855.000000,48,5,112,0,0,7,4,3,0,70,1897,676,11738,28,56,358,0,179,14823,8973855.000000,238.560264
48,5,112,0,0,6,4,3,0,71,1897,676,11738,28,56,359,0,178,14825,8923875.000000,48,5,112,0,0,6,4,3,0,71,1897,676,11738,28,56,359,0,178,14825,8923875.000000,237.367463
48,5,111,0,0,6,4,3,0,71,1901,676,11738,28,56,360,0,177,14830,8873894.000000,48,5,111,0,0,6,4,3,0,71,1901,676,11738,28,56,360,0,177,14830,8873894.000000,236.180626
48,5,111,0,0,6,4,3,0,72,1905,676,11738,28,56,364,0,177,14839,8873963.000000,48,5,111,0,0,6,4,3,0,71,1901,676,11738,28,56,360,0,177,14830,8873894.000000,234.999723
48,5,111,0,0,6,4,3,0,72,1909,676,11738,28,56,366,0,177,14845,8873997.000000,48,5,111,0,0,6,4,3,0,71,1901,676,11738,28,56,360,0,177,14830,8873894.000000,231.492322
48,5,111,0,0,6,4,3,0,71,1909,676,11738,28,56,366,0,177,14844,8873992.000000,48,5,111,0,0,6,4,3,0,71,1901,676,11738,28,56,360,0,177,14830,8873894.000000,230.334861
48,5,111,0,0,6,4,3,0,71,1906,678,11738,28,56,367,0,177,14844,8874014.000000,48,5,111,0,0,6,4,3,0,71,1901,676,11738,28,56,360,0,177,14830,8873894.000000,226.897084
46,5,111,0,0,7,4,3,0,71,1875,677,11574,28,56,369,0,176,14650,8823844.000000,46,5,111,0,0,7,4,3,0,71,1875,677,11574,28,56,369,0,176,14650,8823844.000000,223.510617
46,5,111,0,0,7,4,3,0,71,1878,677,11574,28,56,377,0,176,14661,8823967.000000,46,5,111,0,0,7,4,3,0,71,1875,677,11574,28,56,369,0,176,14650,8823844.000000,217.978450
46,5,110,0,0,8,4,3,0,71,1860,679,11574,28,56,379,0,176,14647,8823989.000000,46,5,111,0,0,7,4,3,0,71,1875,677,11574,28,56,369,0,176,14650,8823844.000000,215.804115
45,5,110,0,0,8,4,3,0,71,1864,679,11574,28,56,381,0,175,14653,8774023.000000,45,5,110,0,0,8,4,3,0,71,1864,679,11574,28,56,381,0,175,14653,8774023.000000,214.725095
45,5,106,0,0,8,4,3,0,71,1864,679,11574,28,56,381,0,171,14653,8574023.000000,45,5,106,0,0,8,4,3,0,71,1864,679,11574,28,56,381,0,171,14653,8574023.000000,213.651469
46,5,106,0,0,7,4,3,0,71,1864,679,11574,29,56,380,0,171,14653,8574028.000000,45,5,106,0,0,8,4,3,0,71,1864,679,11574,28,56,381,0,171,14653,8574023.000000,212.583212
44,5,106,0,0,7,4,3,0,69,1864,679,11574,29,56,380,0,169,14651,8474018.000000,44,5,106,0,0,7,4,3,0,69,1864,679,11574,29,56,380,0,169,14651,8474018.000000,211.520296
48,5,107,0,0,7,4,3,0,73,1864,679,11574,29,56,380,0,174,14655,8724038.000000,44,5,106,0,0,7,4,3,0,69,1864,679,11574,29,56,380,0,169,14651,8474018.000000,210.462694
44,5,106,0,0,7,4,3,0,73,1868,681,11574,28,56,389,0,169,14669,8474167.000000,44,5,106,0,0,7,4,3,0,69,1864,679,11574,29,56,380,0,169,14651,8474018.000000,208.363329
44,5,106,0,0,7,4,3,0,72,1868,681,11574,28,56,389,0,169,14668,8474162.000000,44,5,106,0,0,7,4,3,0,69,1864,679,11574,29,56,380,0,169,14651,8474018.000000,207.321512
44,5,106,0,0,6,4,3,0,72,1873,681,11574,28,56,388,0,168,14672,8424152.000000,44,5,106,0,0,6,4,3,0,72,1873,681,11574,28,56,388,0,168,14672,8424152.000000,206.284905
44,5,104,0,0,6,4,3,0,72,1873,681,11574,28,56,388,0,166,14672,8324152.000000,44,5,104,0,0,6,4,3,0,72,1873,681,11574,28,56,388,0,166,14672,8324152.000000,204.227213
44,5,104,0,0,6,4,3,0,72,1873,681,11574,29,56,388,0,166,14673,8324172.000000,44,5,104,0,0,6,4,3,0,72,1873,681,11574,28,56,388,0,166,14672,8324152.000000,198.176473
44,5,104,0,0,6,4,3,0,72,1873,681,11574,28,56,388,0,166,14672,8324152.000000,44,5,104,0,0,6,4,3,0,72,1873,681,11574,28,56,388,0,166,14672,8324152.000000,194.242571
44,5,104,0,0,6,4,3,0,69,1873,681,11574,29,56,388,0,166,14670,8324157.000000,44,5,104,0,0,6,4,3,0,72,1873,681,11574,28,56,388,0,166,14672,8324152.000000,194.242571
44,5,104,0,0,6,4,3,0,69,1873,681,11574,28,56,388,0,166,14669,8324137.000000,44,5,104,0,0,6,4,3,0,69,1873,681,11574,28,56,388,0,166,14669,8324137.000000,193.271358
44,5,104,0,0,6,4,3,0,69,1876,679,11574,29,56,387,0,166,14670,8324135.000000,44,5,104,0,0,6,4,3,0,69,1876,679,11574,29,56,387,0,166,14670,8324135.000000,193.271358
44,5,104,0,0,6,4,3,0,69,1876,679,11574,28,56,387,0,166,14669,8324115.000000,44,5,104,0,0,6,4,3,0,69,1876,679,11574,28,56,387,0,166,14669,8324115.000000,192.305002
44,5,104,0,0,6,4,3,0,69,1876,679,11574,28,56,387,0,166,14669,8324115.000000,44,5,104,0,0,6,4,3,0,69,1876,679,11574,28,56,387,0,166,14669,8324115.000000,192.305002
44,5,104,0,0,6,4,3,0,69,1876,679,11574,29,56,387,0,166,14670,8324135.000000,44,5,104,0,0,6,4,3,0,69,1876,679,11574,28,56,387,0,166,14669,8324115.000000,190.386759
44,5,104,0,0,6,4,3,0,69,1876,678,11542,29,56,387,0,166,14637,8324098.000000,44,5,104,0,0,6,4,3,0,69,1876,678,11542,29,56,387,0,166,14637,8324098.000000,186.607487
44,5,104,0,0,6,4,3,0,69,1876,678,11542,28,56,387,0,166,14636,8324078.000000,44,5,104,0,0,6,4,3,0,69,1876,678,11542,28,56,387,0,166,14636,8324078.000000,184.746077
44,5,104,0,0,6,4,3,0,69,1884,679,11702,29,56,383,0,166,14802,8324211.000000,44,5,104,0,0,6,4,3,0,69,1876,678,11542,28,56,387,0,166,14636,8324078.000000,184.746077
44,5,104,0,0,6,4,3,0,69,1877,675,11620,30,56,386,0,166,14713,8324167.000000,44,5,104,0,0,6,4,3,0,69,1876,678,11542,28,56,387,0,166,14636,8324078.000000,181.988719
44,5,104,0,0,6,4,3,0,69,1877,675,11620,29,56,386,0,166,14712,8324147.000000,44,5,104,0,0,6,4,3,0,69,1876,678,11542,28,56,387,0,166,14636,8324078.000000,181.078775
44,5,104,0,0,6,4,3,0,70,1877,675,11620,29,56,386,0,166,14713,8324152.000000,44,5,104,0,0,6,4,3,0,69,1876,678,11542,28,56,387,0,166,14636,8324078.000000,180.173381
44,5,104,0,0,6,4,3,0,70,1877,675,11620,30,56,386,0,166,14714,8324172.000000,44,5,104,0,0,6,4,3,0,69,1876,678,11542,28,56,387,0,166,14636,8324078.000000,179.272515
44,5,104,0,0,6,4,3,0,68,1877,675,11620,29,56,386,0,166,14711,8324142.000000,44,5,104,0,0,6,4,3,0,69,1876,678,11542,28,56,387,0,166,14636,8324078.000000,179.272515
44,5,104,0,0,6,4,3,0,70,1884,679,11702,28,56,383,0,166,14802,8324196.000000,44,5,104,0,0,6,4,3,0,69,1876,678,11542,28,56,387,0,166,14636,8324078.000000,179.272515
44,5,104,0,0,6,4,3,0,69,1878,678,11671,28,56,385,0,166,14765,8324179.000000,44,5,104,0,0,6,4,3,0,69,1876,678,11542,28,56,387,0,166,14636,8324078.000000,177.484271
44,5,103,0,0,6,4,3,0,66,1878,678,11671,28,56,385,0,165,14762,8274164.000000,44,5,103,0,0,6,4,3,0,66,1878,678,11671,28,56,385,0,165,14762,8274164.000000,171.364728
44,5,103,0,0,5,4,3,0,66,1878,676,11671,28,56,383,0,164,14758,8224124.000000,44,5,103,0,0,5,4,3,0,66,1878,676,11671,28,56,383,0,164,14758,8224124.000000,168.807088
44,5,103,0,0,5,4,3,0,66,1878,676,11671,29,56,383,0,164,14759,8224144.000000,44,5,103,0,0,5,4,3,0,66,1878,676,11671,28,56,383,0,164,14758,8224124.000000,167.963053
44,5,103,0,0,5,4,3,0,63,1878,676,11671,29,56,383,0,164,14756,8224129.000000,44,5,103,0,0,5,4,3,0,66,1878,676,11671,28,56,383,0,164,14758,8224124.000000,165.456183
44,5,103,0,0,5,4,3,0,63,1839,671,11546,30,56,387,0,164,14592,8224020.000000,44,5,103,0,0,5,4,3,0,63,1839,671,11546,30,56,387,0,164,14592,8224020.000000,164.628902
44,5,103,0,0,5,4,3,0,63,1839,671,11546,29,56,387,0,164,14591,8224000.000000,44,5,103,0,0,5,4,3,0,63,1839,671,11546,29,56,387,0,164,14591,8224000.000000,163.805758
44,5,103,0,0,5,4,3,0,63,1839,671,11546,30,56,387,0,164,14592,8224020.000000,44,5,103,0,0,5,4,3,0,63,1839,671,11546,29,56,387,0,164,14591,8224000.000000,160.554132
43,5,103,0,0,5,4,3,0,63,1839,671,11546,29,56,387,0,163,14591,8174000.000000,43,5,103,0,0,5,4,3,0,63,1839,671,11546,29,56,387,0,163,14591,8174000.000000,160.554132
41,5,103,0,0,5,4,3,0,64,1839,671,11546,29,56,387,0,161,14592,8074005.000000,41,5,103,0,0,5,4,3,0,64,1839,671,11546,29,56,387,0,161,14592,8074005.000000,158.952604
41,5,103,0,0,5,4,3,0,64,1839,670,11526,29,56,387,0,161,14571,8073980.000000,41,5,103,0,0,5,4,3,0,64,1839,670,11526,29,56,387,0,161,14571,8073980.000000,158.157841
41,5,103,0,0,5,4,3,0,65,1839,671,11546,29,56,387,0,161,14593,8074010.000000,41,5,103,0,0,5,4,3,0,64,1839,670,11526,29,56,387,0,161,14571,8073980.000000,158.157841
40,5,103,0,0,6,4,3,0,64,1827,670,11476,29,56,388,0,161,14510,8073933.000000,40,5,103,0,0,6,4,3,0,64,1827,670,11476,29,56,388,0,161,14510,8073933.000000,158.157841
40,5,103,0,0,6,4,3,0,64,1827,670,11476,30,56,388,0,161,14511,8073953.000000,40,5,103,0,0,6,4,3,0,64,1827,670,11476,29,56,388,0,161,14510,8073933.000000,155.797316
40,5,103,0,0,5,5,3,0,64,1829,669,11445,29,56,389,0,161,14481,8073914.000000,40,5,103,0,0,5,5,3,0,64,1829,669,11445,29,56,389,0,161,14481,8073914.000000,155.797316
40,5,103,0,0,5,5,3,0,64,1822,669,11396,29,56,390,0,161,14426,8073873.000000,40,5,103,0,0,5,5,3,0,64,1822,669,11396,29,56,390,0,161,14426,8073873.000000,154.243238
40,5,103,0,0,5,5,3,0,64,1822,669,11396,30,56,390,0,161,14427,8073893.000000,40,5,103,0,0,5,5,3,0,64,1822,669,11396,29,56,390,0,161,14426,8073873.000000,153.472021
40,5,103,0,0,5,5,3,0,64,1822,669,11396,30,56,390,0,161,14427,8073893.000000,40,5,103,0,0,5,5,3,0,64,1822,669,11396,29,56,390,0,161,14426,8073873.000000,153.472021
40,5,103,0,0,5,5,3,0,64,1822,669,11396,29,56,390,0,161,14426,8073873.000000,40,5,103,0,0,5,5,3,0,64,1822,669,11396,29,56,390,0,161,14426,8073873.000000,152.704661
40,5,103,0,0,5,5,3,0,64,1822,669,11396,30,56,390,0,161,14427,8073893.000000,40,5,103,0,0,5,5,3,0,64,1822,669,11396,29,56,390,0,161,14426,8073873.000000,150.425525
40,5,103,0,0,4,5,3,0,62,1809,667,11288,29,56,392,0,160,14303,8023762.000000,40,5,103,0,0,4,5,3,0,62,1809,667,11288,29,56,392,0,160,14303,8023762.000000,150.425525
40,5,103,0,0,4,5,3,0,62,1814,666,11288,29,56,389,0,160,14304,8023717.000000,40,5,103,0,0,4,5,3,0,62,1814,666,11288,29,56,389,0,160,14304,8023717.000000,149.673397
40,5,103,0,0,4,5,3,0,62,1814,666,11288,30,56,389,0,160,14305,8023737.000000,40,5,103,0,0,4,5,3,0,62,1814,666,11288,29,56,389,0,160,14304,8023717.000000,148.180405
40,5,103,0,0,4,5,3,0,64,1845,668,11391,29,56,387,0,160,14440,8023841.000000,40,5,103,0,0,4,5,3,0,62,1814,666,11288,29,56,389,0,160,14304,8023717.000000,148.180405
40,5,103,0,0,4,5,3,0,69,1845,668,11391,29,56,387,0,160,14445,8023866.000000,40,5,103,0,0,4,5,3,0,62,1814,666,11288,29,56,389,0,160,14304,8023717.000000,146.702306
40,5,103,0,0,4,5,3,0,69,1845,668,11391,30,56,387,0,160,14446,8023886.000000,40,5,103,0,0,4,5,3,0,62,1814,666,11288,29,56,389,0,160,14304,8023717.000000,145.968794
40,5,103,0,0,4,5,3,0,69,1845,668,11391,29,56,387,0,160,14445,8023866.000000,40,5,103,0,0,4,5,3,0,62,1814,666,11288,29,56,389,0,160,14304,8023717.000000,145.238950
40,5,103,0,0,4,5,3,0,69,1828,669,11328,30,56,390,0,160,14370,8023856.000000,40,5,103,0,0,4,5,3,0,62,1814,666,11288,29,56,389,0,160,14304,8023717.000000,145.238950
40,5,103,0,0,4,5,3,0,69,1828,669,11328,29,56,390,0,160,14369,8023836.000000,40,5,103,0,0,4,5,3,0,62,1814,666,11288,29,56,389,0,160,14304,8023717.000000,143.071241
40,5,103,0,0,4,5,3,0,69,1828,669,11328,30,56,390,0,160,14370,8023856.000000,40,5,103,0,0,4,5,3,0,62,1814,666,11288,29,56,389,0,160,14304,8023717.000000,141.644105
40,5,103,0,0,4,5,3,0,68,1827,666,11322,29,56,390,0,160,14358,8023809.000000,40,5,103,0,0,4,5,3,0,62,1814,666,11288,29,56,389,0,160,14304,8023717.000000,141.644105
40,5,103,0,0,4,5,3,0,67,1827,666,11322,29,56,390,0,160,14357,8023804.000000,40,5,103,0,0,4,5,3,0,62,1814,666,11288,29,56,389,0,160,14304,8023717.000000,138.832399
40,5,103,0,0,4,5,3,0,67,1827,666,11322,30,56,390,0,160,14358,8023824.000000,40,5,103,0,0,4,5,3,0,62,1814,666,11288,29,56,389,0,160,14304,8023717.000000,136.760308
40,5,103,0,0,4,5,3,0,67,1827,666,11322,29,56,390,0,160,14357,8023804.000000,40,5,103,0,0,4,5,3,0,62,1814,666,11288,29,56,389,0,160,14304,8023717.000000,135.396124
40,5,103,0,0,4,5,3,0,66,1827,666,11322,29,56,390,0,160,14356,8023799.000000,40,5,103,0,0,4,5,3,0,62,1814,666,11288,29,56,389,0,160,14304,8023717.000000,134.045548
40,5,103,0,0,4,5,3,0,66,1827,666,11322,30,56,390,0,160,14357,8023819.000000,40,5,103,0,0,4,5,3,0,62,1814,666,11288,29,56,389,0,160,14304,8023717.000000,133.375320
40,5,103,0,0,4,5,3,0,67,1827,666,11322,29,56,390,0,160,14357,8023804.000000,40,5,103,0,0,4,5,3,0,62,1814,666,11288,29,56,389,0,160,14304,8023717.000000,133.375320
40,5,103,0,0,4,5,3,0,66,1829,664,11322,29,56,388,0,160,14354,8023761.000000,40,5,103,0,0,4,5,3,0,62,1814,666,11288,29,56,389,0,160,14304,8023717.000000,133.375320
40,5,103,0,0,4,5,3,0,62,1829,664,11322,29,56,388,0,160,14350,8023741.000000,40,5,103,0,0,4,5,3,0,62,1814,666,11288,29,56,389,0,160,14304,8023717.000000,132.708443
40,5,103,0,0,4,5,3,0,66,1840,664,11385,29,56,386,0,160,14426,8023805.000000,40,5,103,0,0,4,5,3,0,62,1814,666,11288,29,56,389,0,160,14304,8023717.000000,132.708443
40,5,103,0,0,4,5,3,0,67,1840,664,11385,29,56,386,0,160,14427,8023810.000000,40,5,103,0,0,4,5,3,0,62,1814,666,11288,29,56,389,0,160,14304,8023717.000000,131.384677
40,5,103,0,0,4,5,3,0,67,1835,665,11385,29,56,389,0,160,14426,8023855.000000,40,5,103,0,0,4,5,3,0,62,1814,666,11288,29,56,389,0,160,14304,8023717.000000,129.423744
40,5,103,0,0,4,5,3,0,67,1835,665,11385,30,56,389,0,160,14427,8023875.000000,40,5,103,0,0,4,5,3,0,62,1814,666,11288,29,56,389,0,160,14304,8023717.000000,128.132742
40,5,103,0,0,4,5,3,0,67,1835,665,11385,29,56,390,0,160,14427,8023870.000000,40,5,103,0,0,4,5,3,0,62,1814,666,11288,29,56,389,0,160,14304,8023717.000000,128.132742
36,5,107,0,0,4,5,3,0,67,1835,665,11385,29,56,390,0,160,14427,8023870.000000,40,5,103,0,0,4,5,3,0,62,1814,666,11288,29,56,389,0,160,14304,8023717.000000,127.492078
36,5,107,0,0,4,5,3,0,67,1870,673,11623,29,56,384,0,160,14702,8024093.000000,40,5,103,0,0,4,5,3,0,62,1814,666,11288,29,56,389,0,160,14304,8023717.000000,126.854618
36,5,107,0,0,4,5,3,0,67,1865,673,11530,29,56,385,0,160,14605,8024010.000000,40,5,103,0,0,4,5,3,0,62,1814,666,11288,29,56,389,0,160,14304,8023717.000000,126.220345
36,5,107,0,0,4,5,3,0,67,1875,674,11588,28,56,384,0,160,14672,8024048.000000,40,5,103,0,0,4,5,3,0,62,1814,666,11288,29,56,389,0,160,14304,8023717.000000,124.961297
36,5,107,0,0,4,5,3,0,67,1875,674,11588,30,56,384,0,160,14674,8024088.000000,40,5,103,0,0,4,5,3,0,62,1814,666,11288,29,56,389,0,160,14304,8023717.000000,123.714808
36,5,107,0,0,4,5,3,0,67,1875,674,11588,28,56,384,0,160,14672,8024048.000000,40,5,103,0,0,4,5,3,0,62,1814,666,11288,29,56,389,0,160,14304,8023717.000000,123.096234
36,5,107,0,0,4,5,3,0,67,1875,674,11588,29,56,384,0,160,14673,8024068.000000,40,5,103,0,0,4,5,3,0,62,1814,666,11288,29,56,389,0,160,14304,8023717.000000,123.096234
36,5,107,0,0,4,5,3,0,69,1875,674,11588,29,56,384,0,160,14675,8024078.000000,40,5,103,0,0,4,5,3,0,62,1814,666,11288,29,56,389,0,160,14304,8023717.000000,121.259007
36,5,107,0,0,4,5,3,0,69,1855,670,11448,30,56,390,0,160,14518,8024008.000000,40,5,103,0,0,4,5,3,0,62,1814,666,11288,29,56,389,0,160,14304,8023717.000000,120.049449
36,5,107,0,0,4,5,3,0,69,1855,670,11448,31,56,390,0,160,14519,8024028.000000,40,5,103,0,0,4,5,3,0,62,1814,666,11288,29,56,389,0,160,14304,8023717.000000,119.449201
36,5,107,0,0,4,5,3,0,70,1855,670,11448,30,56,390,0,160,14519,8024013.000000,40,5,103,0,0,4,5,3,0,62,1814,666,11288,29,56,389,0,160,14304,8023717.000000,119.449201
35,5,107,0,0,4,5,3,0,69,1850,669,11448,30,56,389,0,159,14511,7973983.000000,35,5,107,0,0,4,5,3,0,69,1850,669,11448,30,56,389,0,159,14511,7973983.000000,119.449201
35,5,107,0,0,4,5,3,0,69,1850,669,11448,31,56,389,0,159,14512,7974003.000000,35,5,107,0,0,4,5,3,0,69,1850,669,11448,30,56,389,0,159,14511,7973983.000000,118.851955
35,5,107,0,0,4,5,3,0,69,1850,669,11448,30,56,389,0,159,14511,7973983.000000,35,5,107,0,0,4,5,3,0,69,1850,669,11448,30,56,389,0,159,14511,7973983.000000,117.666407
35,5,107,0,0,4,5,3,0,69,1850,669,11448,30,56,389,0,159,14511,7973983.000000,35,5,107,0,0,4,5,3,0,69,1850,669,11448,30,56,389,0,159,14511,7973983.000000,117.666407
35,5,107,0,0,4,4,3,0,69,1850,669,11448,31,56,389,0,158,14512,7924003.000000,35,5,107,0,0,4,4,3,0,69,1850,669,11448,31,56,389,0,158,14512,7924003.000000,117.666407
35,5,107,0,0,4,4,3,0,69,1850,669,11448,29,56,389,0,158,14510,7923963.000000,35,5,107,0,0,4,4,3,0,69,1850,669,11448,29,56,389,0,158,14510,7923963.000000,117.078075
35,5,107,0,0,4,4,3,0,69,1850,669,11448,31,56,389,0,158,14512,7924003.000000,35,5,107,0,0,4,4,3,0,69,1850,669,11448,29,56,389,0,158,14510,7923963.000000,116.492685
35,5,104,0,0,4,4,3,0,69,1850,669,11448,29,56,389,0,155,14510,7773963.000000,35,5,104,0,0,4,4,3,0,69,1850,669,11448,29,56,389,0,155,14510,7773963.000000,116.492685
35,5,104,0,0,4,4,3,0,69,1850,669,11448,31,56,389,0,155,14512,7774003.000000,35,5,104,0,0,4,4,3,0,69,1850,669,11448,29,56,389,0,155,14510,7773963.000000,115.330670
35,5,104,0,0,4,4,3,0,69,1848,668,11430,31,56,391,0,155,14493,7774008.000000,35,5,104,0,0,4,4,3,0,69,1850,669,11448,29,56,389,0,155,14510,7773963.000000,114.754017
33,5,104,0,0,4,4,3,0,69,1848,668,11430,31,56,391,0,153,14493,7674008.000000,33,5,104,0,0,4,4,3,0,69,1848,668,11430,31,56,391,0,153,14493,7674008.000000,114.180247
33,5,104,0,0,4,4,3,0,69,1848,668,11430,30,56,391,0,153,14492,7673988.000000,33,5,104,0,0,4,4,3,0,69,1848,668,11430,30,56,391,0,153,14492,7673988.000000,113.609346
33,5,104,0,0,4,4,3,0,67,1848,668,11430,31,56,391,0,153,14491,7673998.000000,33,5,104,0,0,4,4,3,0,69,1848,668,11430,30,56,391,0,153,14492,7673988.000000,113.609346
33,5,104,0,0,4,4,3,0,67,1848,668,11430,29,56,391,0,153,14489,7673958.000000,33,5,104,0,0,4,4,3,0,67,1848,668,11430,29,56,391,0,153,14489,7673958.000000,113.041299
33,5,104,0,0,4,4,3,0,67,1848,668,11430,30,56,392,0,153,14491,7673993.000000,33,5,104,0,0,4,4,3,0,67,1848,668,11430,29,56,391,0,153,14489,7673958.000000,110.243386
33,5,104,0,0,4,4,3,0,67,1848,668,11430,31,56,392,0,153,14492,7674013.000000,33,5,104,0,0,4,4,3,0,67,1848,668,11430,29,56,391,0,153,14489,7673958.000000,109.692169
33,5,104,0,0,4,4,3,0,67,1848,669,11430,31,56,390,0,153,14491,7673988.000000,33,5,104,0,0,4,4,3,0,67,1848,668,11430,29,56,391,0,153,14489,7673958.000000,109.143708
33,5,104,0,0,4,4,3,0,71,1848,669,11430,31,56,390,0,153,14495,7674008.000000,33,5,104,0,0,4,4,3,0,67,1848,668,11430,29,56,391,0,153,14489,7673958.000000,108.054999
33,5,103,0,0,4,4,3,0,70,1848,669,11430,31,56,390,0,152,14494,7624003.000000,33,5,103,0,0,4,4,3,0,70,1848,669,11430,31,56,390,0,152,14494,7624003.000000,107.514724
33,5,103,0,0,4,4,3,0,70,1848,669,11430,30,56,390,0,152,14493,7623983.000000,33,5,103,0,0,4,4,3,0,70,1848,669,11430,30,56,390,0,152,14493,7623983.000000,106.977151
33,5,103,0,0,4,4,3,0,69,1848,669,11430,30,56,390,0,152,14492,7623978.000000,33,5,103,0,0,4,4,3,0,69,1848,669,11430,30,56,390,0,152,14492,7623978.000000,103.807686
33,5,103,0,0,4,4,3,0,69,1839,668,11393,30,56,391,0,152,14446,7623942.000000,33,5,103,0,0,4,4,3,0,69,1839,668,11393,30,56,391,0,152,14446,7623942.000000,102.772205
33,5,103,0,0,4,4,3,0,69,1840,669,11430,30,56,387,0,152,14481,7623925.000000,33,5,103,0,0,4,4,3,0,69,1840,669,11430,30,56,387,0,152,14481,7623925.000000,102.258344
33,5,103,0,0,4,4,3,0,71,1840,670,11479,30,56,387,0,152,14533,7623989.000000,33,5,103,0,0,4,4,3,0,69,1840,669,11430,30,56,387,0,152,14481,7623925.000000,99.727322
33,5,103,0,0,4,4,3,0,71,1840,670,11479,30,56,389,0,152,14535,7624019.000000,33,5,103,0,0,4,4,3,0,69,1840,669,11430,30,56,387,0,152,14481,7623925.000000,99.228685
33,5,103,0,0,4,4,3,0,71,1840,670,11479,30,56,387,0,152,14533,7623989.000000,33,5,103,0,0,4,4,3,0,69,1840,669,11430,30,56,387,0,152,14481,7623925.000000,98.732542
33,5,103,0,0,4,4,3,0,71,1840,670,11479,31,56,387,0,152,14534,7624009.000000,33,5,103,0,0,4,4,3,0,69,1840,669,11430,30,56,387,0,152,14481,7623925.000000,97.747685
33,5,103,0,0,4,4,3,0,71,1830,669,11439,30,56,388,0,152,14483,7623949.000000,33,5,103,0,0,4,4,3,0,69,1840,669,11430,30,56,387,0,152,14481,7623925.000000,97.747685
31,5,102,0,0,5,4,3,0,70,1824,669,11439,29,56,391,0,150,14478,7523963.000000,31,5,102,0,0,5,4,3,0,70,1824,669,11439,29,56,391,0,150,14478,7523963.000000,97.258947
31,5,102,0,0,5,4,3,0,70,1824,669,11439,29,56,394,0,150,14481,7524008.000000,31,5,102,0,0,5,4,3,0,70,1824,669,11439,29,56,391,0,150,14478,7523963.000000,96.772652
31,5,102,0,0,5,4,3,0,70,1824,669,11439,30,56,394,0,150,14482,7524028.000000,31,5,102,0,0,5,4,3,0,70,1824,669,11439,29,56,391,0,150,14478,7523963.000000,96.288789
31,5,102,0,0,5,4,3,0,70,1823,669,11354,30,56,395,0,150,14397,7523957.000000,31,5,102,0,0,5,4,3,0,70,1823,669,11354,30,56,395,0,150,14397,7523957.000000,95.328308
31,5,102,0,0,4,4,3,0,70,1851,668,11441,30,56,393,0,149,14509,7474037.000000,31,5,102,0,0,4,4,3,0,70,1851,668,11441,30,56,393,0,149,14509,7474037.000000,93.435993
31,5,102,0,0,4,4,3,0,70,1851,668,11441,29,56,393,0,149,14508,7474017.000000,31,5,102,0,0,4,4,3,0,70,1851,668,11441,29,56,393,0,149,14508,7474017.000000,92.041449
31,5,102,0,0,4,4,3,0,70,1858,669,11490,29,56,393,0,149,14565,7474078.000000,31,5,102,0,0,4,4,3,0,70,1851,668,11441,29,56,393,0,149,14508,7474017.000000,91.581242
31,5,102,0,0,4,4,3,0,70,1858,669,11490,30,56,393,0,149,14566,7474098.000000,31,5,102,0,0,4,4,3,0,70,1851,668,11441,29,56,393,0,149,14508,7474017.000000,88.867920
31,5,102,0,0,4,4,3,0,68,1858,669,11490,30,56,393,0,149,14564,7474088.000000,31,5,102,0,0,4,4,3,0,70,1851,668,11441,29,56,393,0,149,14508,7474017.000000,88.423580
31,5,102,0,0,4,4,3,0,68,1858,669,11490,29,56,393,0,149,14563,7474068.000000,31,5,102,0,0,4,4,3,0,70,1851,668,11441,29,56,393,0,149,14508,7474017.000000,87.541555
31,5,102,0,0,4,4,3,0,68,1858,669,11490,30,56,393,0,149,14564,7474088.000000,31,5,102,0,0,4,4,3,0,70,1851,668,11441,29,56,393,0,149,14508,7474017.000000,86.668328
31,5,102,0,0,4,4,3,0,68,1858,671,11490,29,56,399,0,149,14571,7474168.000000,31,5,102,0,0,4,4,3,0,70,1851,668,11441,29,56,393,0,149,14508,7474017.000000,86.668328
31,5,102,0,0,4,4,3,0,68,1855,673,11490,29,56,400,0,149,14571,7474190.000000,31,5,102,0,0,4,4,3,0,70,1851,668,11441,29,56,393,0,149,14508,7474017.000000,85.374792
31,5,102,0,0,4,4,3,0,68,1859,672,11490,29,56,397,0,149,14571,7474144.000000,31,5,102,0,0,4,4,3,0,70,1851,668,11441,29,56,393,0,149,14508,7474017.000000,83.680060
31,5,102,0,0,4,4,3,0,69,1859,672,11490,29,56,397,0,149,14572,7474149.000000,31,5,102,0,0,4,4,3,0,70,1851,668,11441,29,56,393,0,149,14508,7474017.000000,83.261660
31,5,102,0,0,4,4,3,0,65,1859,672,11490,29,56,397,0,149,14568,7474129.000000,31,5,102,0,0,4,4,3,0,70,1851,668,11441,29,56,393,0,149,14508,7474017.000000,82.845352
31,5,101,0,0,5,4,3,0,65,1859,673,11448,29,56,399,0,149,14529,7474122.000000,31,5,102,0,0,4,4,3,0,70,1851,668,11441,29,56,393,0,149,14508,7474017.000000,82.018969
31,5,101,0,0,5,4,3,0,67,1859,673,11448,29,56,399,0,149,14531,7474132.000000,31,5,102,0,0,4,4,3,0,70,1851,668,11441,29,56,393,0,149,14508,7474017.000000,80.390852
31,5,101,0,0,5,4,3,0,64,1854,674,11390,29,56,401,0,149,14468,7474089.000000,31,5,102,0,0,4,4,3,0,70,1851,668,11441,29,56,393,0,149,14508,7474017.000000,80.390852
31,5,101,0,0,5,4,3,0,66,1854,674,11390,29,56,401,0,149,14470,7474099.000000,31,5,102,0,0,4,4,3,0,70,1851,668,11441,29,56,393,0,149,14508,7474017.000000,79.988897
31,5,101,0,0,5,4,3,0,64,1858,674,11390,29,56,404,0,149,14475,7474138.000000,31,5,102,0,0,4,4,3,0,70,1851,668,11441,29,56,393,0,149,14508,7474017.000000,79.988897
31,5,101,0,0,5,4,3,0,64,1858,675,11390,29,56,407,0,149,14479,7474188.000000,31,5,102,0,0,4,4,3,0,70,1851,668,11441,29,56,393,0,149,14508,7474017.000000,79.588953
31,5,101,0,0,5,4,3,0,64,1856,675,11390,29,56,409,0,149,14479,7474216.000000,31,5,102,0,0,4,4,3,0,70,1851,668,11441,29,56,393,0,149,14508,7474017.000000,78.009072
31,5,101,0,0,5,4,3,0,65,1856,675,11390,29,56,409,0,149,14480,7474221.000000,31,5,102,0,0,4,4,3,0,70,1851,668,11441,29,56,393,0,149,14508,7474017.000000,77.619027
31,5,101,0,0,5,4,3,0,65,1856,673,11378,29,56,409,0,149,14466,7474199.000000,31,5,102,0,0,4,4,3,0,70,1851,668,11441,29,56,393,0,149,14508,7474017.000000,74.942773
31,5,101,0,0,5,4,3,0,65,1856,675,11390,29,56,406,0,149,14477,7474176.000000,31,5,102,0,0,4,4,3,0,70,1851,668,11441,29,56,393,0,149,14508,7474017.000000,74.942773
31,5,101,0,0,5,4,3,0,65,1856,675,11390,30,56,406,0,149,14478,7474196.000000,31,5,102,0,0,4,4,3,0,70,1851,668,11441,29,56,393,0,149,14508,7474017.000000,73.087846
31,5,101,0,0,5,4,3,0,65,1856,675,11390,29,56,406,0,149,14477,7474176.000000,31,5,102,0,0,4,4,3,0,70,1851,668,11441,29,56,393,0,149,14508,7474017.000000,72.722407
31,5,101,0,0,5,4,3,0,68,1900,678,11662,29,56,402,0,149,14795,7474462.000000,31,5,102,0,0,4,4,3,0,70,1851,668,11441,29,56,393,0,149,14508,7474017.000000,72.358795
29,5,102,0,0,5,4,3,0,68,1900,678,11662,29,56,402,0,148,14795,7424462.000000,29,5,102,0,0,5,4,3,0,68,1900,678,11662,29,56,402,0,148,14795,7424462.000000,70.214985
29,5,102,0,0,5,4,3,0,68,1900,678,11662,30,56,402,0,148,14796,7424482.000000,29,5,102,0,0,5,4,3,0,68,1900,678,11662,29,56,402,0,148,14795,7424462.000000,69.863910
32,5,99,0,0,5,4,3,0,68,1900,678,11662,30,56,402,0,148,14796,7424482.000000,29,5,102,0,0,5,4,3,0,68,1900,678,11662,29,56,402,0,148,14795,7424462.000000,67.455048
28,5,103,0,0,5,4,3,0,69,1892,679,11662,30,56,404,0,148,14792,7424514.000000,29,5,102,0,0,5,4,3,0,68,1900,678,11662,29,56,402,0,148,14795,7424462.000000,67.455048
28,5,102,0,0,5,4,3,0,67,1892,679,11662,30,56,404,0,147,14790,7374504.000000,28,5,102,0,0,5,4,3,0,67,1892,679,11662,30,56,404,0,147,14790,7374504.000000,67.117773
28,5,102,0,0,5,4,3,0,67,1892,679,11662,29,56,404,0,147,14789,7374484.000000,28,5,102,0,0,5,4,3,0,67,1892,679,11662,29,56,404,0,147,14789,7374484.000000,66.782184
28,5,101,0,0,5,4,3,0,64,1892,679,11662,29,56,404,0,146,14786,7324469.000000,28,5,101,0,0,5,4,3,0,64,1892,679,11662,29,56,404,0,146,14786,7324469.000000,66.116032
28,5,101,0,0,5,4,3,0,59,1892,679,11662,29,56,404,0,146,14781,7324444.000000,28,5,101,0,0,5,4,3,0,59,1892,679,11662,29,56,404,0,146,14781,7324444.000000,65.129242
28,5,101,0,0,5,4,3,0,59,1846,681,11431,29,56,412,0,146,14514,7324297.000000,28,5,101,0,0,5,4,3,0,59,1846,681,11431,29,56,412,0,146,14514,7324297.000000,64.803595
28,5,101,0,0,5,4,3,0,57,1846,681,11431,29,56,412,0,146,14512,7324287.000000,28,5,101,0,0,5,4,3,0,57,1846,681,11431,29,56,412,0,146,14512,7324287.000000,63.199626
28,5,101,0,0,5,4,3,0,60,1850,680,11431,29,56,411,0,146,14517,7324286.000000,28,5,101,0,0,5,4,3,0,60,1850,680,11431,29,56,411,0,146,14517,7324286.000000,63.199626
28,5,101,0,0,5,4,3,0,60,1850,682,11446,29,56,411,0,146,14534,7324311.000000,28,5,101,0,0,5,4,3,0,60,1850,680,11431,29,56,411,0,146,14517,7324286.000000,62.883627
28,5,101,0,0,5,4,3,0,60,1828,678,11303,29,56,413,0,146,14367,7324156.000000,28,5,101,0,0,5,4,3,0,60,1828,678,11303,29,56,413,0,146,14367,7324156.000000,62.883627
28,5,101,0,0,5,4,3,0,60,1828,678,11303,29,56,415,0,146,14369,7324186.000000,28,5,101,0,0,5,4,3,0,60,1828,678,11303,29,56,413,0,146,14367,7324156.000000,62.256363
28,5,101,0,0,5,4,3,0,60,1832,678,11303,29,56,417,0,146,14375,7324220.000000,28,5,101,0,0,5,4,3,0,60,1828,678,11303,29,56,413,0,146,14367,7324156.000000,61.945081
28,5,101,0,0,5,4,3,0,60,1832,678,11303,29,56,418,0,146,14376,7324235.000000,28,5,101,0,0,5,4,3,0,60,1828,678,11303,29,56,413,0,146,14367,7324156.000000,60.411863
28,5,101,0,0,5,4,3,0,58,1832,678,11303,29,56,418,0,146,14374,7324225.000000,28,5,101,0,0,5,4,3,0,60,1828,678,11303,29,56,413,0,146,14367,7324156.000000,60.109804
28,5,101,0,0,5,4,3,0,58,1832,678,11303,30,56,418,0,146,14375,7324245.000000,28,5,101,0,0,5,4,3,0,60,1828,678,11303,29,56,413,0,146,14367,7324156.000000,59.809255
28,5,101,0,0,5,4,3,0,58,1832,678,11303,29,56,418,0,146,14374,7324225.000000,28,5,101,0,0,5,4,3,0,60,1828,678,11303,29,56,413,0,146,14367,7324156.000000,59.510209
28,5,101,0,0,5,4,3,0,58,1832,679,11303,29,56,422,0,146,14379,7324290.000000,28,5,101,0,0,5,4,3,0,60,1828,678,11303,29,56,413,0,146,14367,7324156.000000,59.212658
28,5,101,0,0,5,4,3,0,58,1833,679,11340,29,56,417,0,146,14412,7324253.000000,28,5,101,0,0,5,4,3,0,60,1828,678,11303,29,56,413,0,146,14367,7324156.000000,59.212658
28,5,101,0,0,5,4,3,0,58,1833,679,11340,30,56,417,0,146,14413,7324273.000000,28,5,101,0,0,5,4,3,0,60,1828,678,11303,29,56,413,0,146,14367,7324156.000000,58.916594
28,5,101,0,0,5,4,3,0,62,1833,679,11340,29,56,417,0,146,14416,7324273.000000,28,5,101,0,0,5,4,3,0,60,1828,678,11303,29,56,413,0,146,14367,7324156.000000,58.916594
28,5,101,0,0,5,4,3,0,62,1833,681,11349,29,56,417,0,146,14427,7324292.000000,28,5,101,0,0,5,4,3,0,60,1828,678,11303,29,56,413,0,146,14367,7324156.000000,58.037257
28,5,101,0,0,5,4,3,0,62,1826,678,11296,29,56,421,0,146,14368,7324277.000000,28,5,101,0,0,5,4,3,0,60,1828,678,11303,29,56,413,0,146,14367,7324156.000000,57.458335
28,5,97,0,0,5,4,3,0,62,1826,678,11296,29,56,421,0,142,14368,7124277.000000,28,5,97,0,0,5,4,3,0,62,1826,678,11296,29,56,421,0,142,14368,7124277.000000,57.171044
28,5,94,0,0,5,4,3,0,62,1826,678,11296,29,56,421,0,139,14368,6974277.000000,28,5,94,0,0,5,4,3,0,62,1826,678,11296,29,56,421,0,139,14368,6974277.000000,56.600762
28,5,94,0,0,5,4,3,0,62,1826,678,11296,30,56,421,0,139,14369,6974297.000000,28,5,94,0,0,5,4,3,0,62,1826,678,11296,29,56,421,0,139,14368,6974277.000000,56.036170
32,5,90,0,0,5,4,3,0,66,1826,678,11296,30,56,421,0,139,14373,6974317.000000,28,5,94,0,0,5,4,3,0,62,1826,678,11296,29,56,421,0,139,14368,6974277.000000,55.477209
32,5,90,0,0,5,4,3,0,66,1829,676,11296,30,56,420,0,139,14373,6974295.000000,28,5,94,0,0,5,4,3,0,62,1826,678,11296,29,56,421,0,139,14368,6974277.000000,55.199823
32,5,90,0,0,5,4,3,0,66,1829,676,11296,29,56,420,0,139,14372,6974275.000000,32,5,90,0,0,5,4,3,0,66,1829,676,11296,29,56,420,0,139,14372,6974275.000000,54.923824
30,5,90,0,0,5,4,3,0,66,1829,676,11296,30,56,420,0,137,14373,6874295.000000,30,5,90,0,0,5,4,3,0,66,1829,676,11296,30,56,420,0,137,14373,6874295.000000,54.923824
30,5,90,0,0,5,4,3,0,66,1829,677,11296,30,56,421,0,137,14375,6874315.000000,30,5,90,0,0,5,4,3,0,66,1829,676,11296,30,56,420,0,137,14373,6874295.000000,54.104079
30,5,90,0,0,5,4,3,0,66,1827,678,11296,29,56,423,0,137,14375,6874328.000000,30,5,90,0,0,5,4,3,0,66,1829,676,11296,30,56,420,0,137,14373,6874295.000000,52.764936
30,5,90,0,0,5,4,3,0,66,1853,677,11482,29,56,420,0,137,14583,6874490.000000,30,5,90,0,0,5,4,3,0,66,1829,676,11296,30,56,420,0,137,14373,6874295.000000,52.238605
30,5,90,0,0,5,4,3,0,66,1853,678,11524,29,56,420,0,137,14626,6874537.000000,30,5,90,0,0,5,4,3,0,66,1829,676,11296,30,56,420,0,137,14373,6874295.000000,51.717525
30,5,90,0,0,5,4,3,0,66,1853,678,11524,29,56,421,0,137,14627,6874552.000000,30,5,90,0,0,5,4,3,0,66,1829,676,11296,30,56,420,0,137,14373,6874295.000000,48.698401
30,5,90,0,0,5,4,3,0,67,1853,678,11524,29,56,421,0,137,14628,6874557.000000,30,5,90,0,0,5,4,3,0,66,1829,676,11296,30,56,420,0,137,14373,6874295.000000,47.731714
30,5,90,0,0,5,4,3,0,67,1873,682,11664,29,56,415,0,137,14786,6874647.000000,30,5,90,0,0,5,4,3,0,66,1829,676,11296,30,56,420,0,137,14373,6874295.000000,47.255590
30,5,90,0,0,5,4,3,0,66,1873,682,11664,29,56,415,0,137,14785,6874642.000000,30,5,90,0,0,5,4,3,0,66,1829,676,11296,30,56,420,0,137,14373,6874295.000000,46.784215
30,5,86,0,0,5,4,3,0,66,1873,682,11664,29,56,415,0,133,14785,6674642.000000,30,5,86,0,0,5,4,3,0,66,1873,682,11664,29,56,415,0,133,14785,6674642.000000,46.550294
30,5,86,0,0,5,4,3,0,66,1869,683,11664,29,56,413,0,133,14780,6674613.000000,30,5,86,0,0,5,4,3,0,66,1869,683,11664,29,56,413,0,133,14780,6674613.000000,44.274456
34,5,82,0,0,5,4,3,0,66,1869,683,11664,29,56,413,0,133,14780,6674613.000000,30,5,86,0,0,5,4,3,0,66,1869,683,11664,29,56,413,0,133,14780,6674613.000000,43.395586
33,5,83,0,0,5,4,3,0,66,1869,683,11664,29,56,413,0,133,14780,6674613.000000,30,5,86,0,0,5,4,3,0,66,1869,683,11664,29,56,413,0,133,14780,6674613.000000,42.747902
34,5,82,0,0,5,4,3,0,65,1877,682,11664,29,56,411,0,133,14784,6674581.000000,34,5,82,0,0,5,4,3,0,65,1877,682,11664,29,56,411,0,133,14784,6674581.000000,41.689838
34,5,82,0,0,5,4,3,0,65,1877,681,11664,29,56,413,0,133,14785,6674606.000000,34,5,82,0,0,5,4,3,0,65,1877,682,11664,29,56,411,0,133,14784,6674581.000000,41.067612
34,5,82,0,0,5,4,3,0,69,1877,681,11664,29,56,413,0,133,14789,6674626.000000,34,5,82,0,0,5,4,3,0,65,1877,682,11664,29,56,411,0,133,14784,6674581.000000,40.454673
34,5,82,0,0,5,4,3,0,69,1873,681,11664,29,56,410,0,133,14782,6674577.000000,34,5,82,0,0,5,4,3,0,69,1873,681,11664,29,56,410,0,133,14782,6674577.000000,39.850882
34,5,82,0,0,5,4,3,0,69,1859,680,11664,29,56,408,0,133,14765,6674528.000000,34,5,82,0,0,5,4,3,0,69,1859,680,11664,29,56,408,0,133,14765,6674528.000000,37.902577
34,5,82,0,0,5,4,3,0,69,1854,679,11633,29,56,409,0,133,14729,6674502.000000,34,5,82,0,0,5,4,3,0,69,1854,679,11633,29,56,409,0,133,14729,6674502.000000,37.150192
34,5,82,0,0,5,4,3,0,69,1803,677,11446,29,56,412,0,133,14492,6674299.000000,34,5,82,0,0,5,4,3,0,69,1803,677,11446,29,56,412,0,133,14492,6674299.000000,36.049525
34,5,82,0,0,5,4,3,0,69,1806,676,11446,28,56,415,0,133,14496,6674322.000000,34,5,82,0,0,5,4,3,0,69,1803,677,11446,29,56,412,0,133,14492,6674299.000000,35.511482
34,5,82,0,0,5,4,3,0,75,1806,676,11446,28,56,415,0,133,14502,6674352.000000,34,5,82,0,0,5,4,3,0,69,1803,677,11446,29,56,412,0,133,14492,6674299.000000,35.157254
34,5,82,0,0,5,4,3,0,69,1781,676,11361,28,56,416,0,133,14387,6674227.000000,34,5,82,0,0,5,4,3,0,69,1781,676,11361,28,56,416,0,133,14387,6674227.000000,35.157254
34,5,82,0,0,5,4,3,0,69,1781,676,11361,28,56,415,0,133,14386,6674212.000000,34,5,82,0,0,5,4,3,0,69,1781,676,11361,28,56,415,0,133,14386,6674212.000000,34.981468
34,5,82,0,0,5,4,3,0,69,1777,677,11361,28,56,416,0,133,14384,6674228.000000,34,5,82,0,0,5,4,3,0,69,1781,676,11361,28,56,415,0,133,14386,6674212.000000,34.806561
34,5,82,0,0,5,4,3,0,70,1777,677,11361,28,56,416,0,133,14385,6674233.000000,34,5,82,0,0,5,4,3,0,69,1781,676,11361,28,56,415,0,133,14386,6674212.000000,34.632528
34,5,82,0,0,5,4,3,0,70,1779,676,11361,28,56,418,0,133,14388,6674260.000000,34,5,82,0,0,5,4,3,0,69,1781,676,11361,28,56,415,0,133,14386,6674212.000000,34.287069
34,5,82,0,0,5,4,3,0,70,1786,679,11414,28,56,415,0,133,14448,6674290.000000,34,5,82,0,0,5,4,3,0,69,1781,676,11361,28,56,415,0,133,14386,6674212.000000,34.115633
34,5,81,0,0,5,4,3,0,69,1786,679,11414,28,56,415,0,132,14447,6624285.000000,34,5,81,0,0,5,4,3,0,69,1786,679,11414,28,56,415,0,132,14447,6624285.000000,33.606453
34,5,81,0,0,5,4,3,0,69,1786,679,11414,29,56,415,0,132,14448,6624305.000000,34,5,81,0,0,5,4,3,0,69,1786,679,11414,28,56,415,0,132,14447,6624285.000000,33.271229
34,5,81,0,0,5,4,3,0,69,1786,679,11414,28,56,415,0,132,14447,6624285.000000,34,5,81,0,0,5,4,3,0,69,1786,679,11414,28,56,415,0,132,14447,6624285.000000,32.774652
32,5,81,0,0,5,4,3,0,67,1786,679,11414,28,56,415,0,130,14445,6524275.000000,32,5,81,0,0,5,4,3,0,67,1786,679,11414,28,56,415,0,130,14445,6524275.000000,31.963438
32,5,81,0,0,5,4,3,0,67,1786,679,11414,29,56,415,0,130,14446,6524295.000000,32,5,81,0,0,5,4,3,0,67,1786,679,11414,28,56,415,0,130,14445,6524275.000000,30.400750
32,5,81,0,0,5,4,3,0,69,1790,678,11414,29,56,413,0,130,14449,6524274.000000,32,5,81,0,0,5,4,3,0,69,1790,678,11414,29,56,413,0,130,14449,6524274.000000,29.648293
32,5,81,0,0,5,4,3,0,69,1790,678,11414,28,56,413,0,130,14448,6524254.000000,32,5,81,0,0,5,4,3,0,69,1790,678,11414,28,56,413,0,130,14448,6524254.000000,29.352552
32,5,81,0,0,5,4,3,0,67,1790,678,11414,28,56,413,0,130,14446,6524244.000000,32,5,81,0,0,5,4,3,0,67,1790,678,11414,28,56,413,0,130,14446,6524244.000000,28.769889
32,5,81,0,0,5,4,3,0,67,1783,675,11361,28,56,416,0,130,14386,6524214.000000,32,5,81,0,0,5,4,3,0,67,1783,675,11361,28,56,416,0,130,14386,6524214.000000,27.917509
32,5,81,0,0,5,4,3,0,67,1747,675,11113,28,56,420,0,130,14106,6523990.000000,32,5,81,0,0,5,4,3,0,67,1747,675,11113,28,56,420,0,130,14106,6523990.000000,26.820157
32,5,81,0,0,5,4,3,0,67,1744,675,11113,28,56,421,0,130,14104,6524002.000000,32,5,81,0,0,5,4,3,0,67,1747,675,11113,28,56,420,0,130,14106,6523990.000000,26.156324
32,5,81,0,0,5,4,3,0,66,1744,675,11113,28,56,421,0,130,14103,6523997.000000,32,5,81,0,0,5,4,3,0,67,1747,675,11113,28,56,420,0,130,14106,6523990.000000,25.895415
32,5,81,0,0,5,4,3,0,67,1739,674,11051,28,56,422,0,130,14037,6523945.000000,32,5,81,0,0,5,4,3,0,67,1739,674,11051,28,56,422,0,130,14037,6523945.000000,25.895415
32,5,81,0,0,5,4,3,0,67,1739,674,11051,29,56,422,0,130,14038,6523965.000000,32,5,81,0,0,5,4,3,0,67,1739,674,11051,28,56,422,0,130,14037,6523945.000000,25.765938
32,5,81,0,0,5,4,3,0,67,1739,674,11051,28,56,422,0,130,14037,6523945.000000,32,5,81,0,0,5,4,3,0,67,1739,674,11051,28,56,422,0,130,14037,6523945.000000,25.637108
32,5,81,0,0,5,4,3,0,66,1739,674,11051,28,56,422,0,130,14036,6523940.000000,32,5,81,0,0,5,4,3,0,66,1739,674,11051,28,56,422,0,130,14036,6523940.000000,25.381378
32,5,80,0,0,5,4,3,0,65,1735,675,11051,28,56,424,0,129,14034,6473966.000000,32,5,80,0,0,5,4,3,0,65,1735,675,11051,28,56,424,0,129,14034,6473966.000000,25.128199
32,5,80,0,0,5,4,3,0,65,1735,675,11051,29,56,424,0,129,14035,6473986.000000,32,5,80,0,0,5,4,3,0,65,1735,675,11051,28,56,424,0,129,14034,6473966.000000,24.753157
32,5,80,0,0,5,4,3,0,65,1735,675,11051,28,56,424,0,129,14034,6473966.000000,32,5,80,0,0,5,4,3,0,65,1735,675,11051,28,56,424,0,129,14034,6473966.000000,23.661285
32,5,80,0,0,5,4,3,0,64,1729,675,10982,28,56,425,0,129,13959,6473901.000000,32,5,80,0,0,5,4,3,0,64,1729,675,10982,28,56,425,0,129,13959,6473901.000000,23.308138
32,5,80,0,0,5,4,3,0,64,1729,675,10982,28,56,426,0,129,13960,6473916.000000,32,5,80,0,0,5,4,3,0,64,1729,675,10982,28,56,425,0,129,13959,6473901.000000,22.731232
32,5,80,0,0,5,4,3,0,64,1733,675,10982,28,56,429,0,129,13967,6473965.000000,32,5,80,0,0,5,4,3,0,64,1729,675,10982,28,56,425,0,129,13959,6473901.000000,22.504488
32,5,80,0,0,5,4,3,0,65,1733,674,10982,28,56,428,0,129,13966,6473950.000000,32,5,80,0,0,5,4,3,0,64,1729,675,10982,28,56,425,0,129,13959,6473901.000000,22.168606
32,5,80,0,0,5,4,3,0,65,1729,674,10982,28,56,429,0,129,13963,6473961.000000,32,5,80,0,0,5,4,3,0,64,1729,675,10982,28,56,425,0,129,13959,6473901.000000,22.057763
32,5,80,0,0,5,4,3,0,64,1717,673,10952,28,56,429,0,129,13919,6473909.000000,32,5,80,0,0,5,4,3,0,64,1729,675,10982,28,56,425,0,129,13959,6473901.000000,21.619905
32,5,80,0,0,5,4,3,0,64,1716,670,10944,28,56,429,0,129,13907,6473885.000000,32,5,80,0,0,5,4,3,0,64,1716,670,10944,28,56,429,0,129,13907,6473885.000000,21.297225
32,5,80,0,0,5,4,3,0,65,1716,670,10944,28,56,429,0,129,13908,6473890.000000,32,5,80,0,0,5,4,3,0,64,1716,670,10944,28,56,429,0,129,13907,6473885.000000,20.979362
31,5,80,0,0,5,4,3,0,65,1716,670,10944,28,56,429,0,128,13908,6423890.000000,31,5,80,0,0,5,4,3,0,65,1716,670,10944,28,56,429,0,128,13908,6423890.000000,20.562911
30,5,80,0,0,5,4,3,0,65,1716,670,10944,28,56,430,0,127,13909,6373905.000000,30,5,80,0,0,5,4,3,0,65,1716,670,10944,28,56,430,0,127,13909,6373905.000000,20.460096
30,5,80,0,0,5,4,3,0,65,1710,672,10944,28,56,428,0,127,13903,6373879.000000,30,5,80,0,0,5,4,3,0,65,1710,672,10944,28,56,428,0,127,13903,6373879.000000,19.265693
30,5,80,0,0,5,4,3,0,65,1710,671,10944,28,56,426,0,127,13900,6373844.000000,30,5,80,0,0,5,4,3,0,65,1710,671,10944,28,56,426,0,127,13900,6373844.000000,18.788843
30,5,80,0,0,5,4,3,0,65,1706,670,10920,28,56,426,0,127,13871,6373811.000000,30,5,80,0,0,5,4,3,0,65,1706,670,10920,28,56,426,0,127,13871,6373811.000000,18.694899
30,5,80,0,0,5,4,3,0,65,1706,670,10920,29,56,426,0,127,13872,6373831.000000,30,5,80,0,0,5,4,3,0,65,1706,670,10920,28,56,426,0,127,13871,6373811.000000,18.601425
30,5,80,0,0,5,4,3,0,64,1706,670,10920,28,56,426,0,127,13870,6373806.000000,30,5,80,0,0,5,4,3,0,64,1706,670,10920,28,56,426,0,127,13870,6373806.000000,18.601425
30,5,80,0,0,5,4,3,0,61,1706,670,10920,28,56,426,0,127,13867,6373791.000000,30,5,80,0,0,5,4,3,0,61,1706,670,10920,28,56,426,0,127,13867,6373791.000000,18.232177
30,5,80,0,0,5,4,3,0,60,1706,670,10920,28,56,426,0,127,13866,6373786.000000,30,5,80,0,0,5,4,3,0,60,1706,670,10920,28,56,426,0,127,13866,6373786.000000,18.141016
30,5,80,0,0,5,4,3,0,60,1706,670,10920,29,56,426,0,127,13867,6373806.000000,30,5,80,0,0,5,4,3,0,60,1706,670,10920,28,56,426,0,127,13866,6373786.000000,17.692003
27,8,80,0,0,5,4,3,0,60,1706,670,10920,29,56,426,0,127,13867,6373806.000000,30,5,80,0,0,5,4,3,0,60,1706,670,10920,28,56,426,0,127,13866,6373786.000000,17.340808
27,8,80,0,0,5,4,3,0,59,1706,670,10920,29,56,426,0,127,13866,6373801.000000,30,5,80,0,0,5,4,3,0,60,1706,670,10920,28,56,426,0,127,13866,6373786.000000,17.167834
27,8,80,0,0,5,4,3,0,59,1706,670,10920,28,56,426,0,127,13865,6373781.000000,27,8,80,0,0,5,4,3,0,59,1706,670,10920,28,56,426,0,127,13865,6373781.000000,17.081995
27,8,80,0,0,5,4,3,0,59,1706,670,10920,29,56,426,0,127,13866,6373801.000000,27,8,80,0,0,5,4,3,0,59,1706,670,10920,28,56,426,0,127,13865,6373781.000000,16.996585
27,8,80,0,0,5,4,3,0,60,1706,670,10920,28,56,426,0,127,13866,6373786.000000,27,8,80,0,0,5,4,3,0,59,1706,670,10920,28,56,426,0,127,13865,6373781.000000,16.996585
23,8,80,0,0,5,4,3,0,59,1702,669,10900,28,56,426,0,123,13840,6173752.000000,23,8,80,0,0,5,4,3,0,59,1702,669,10900,28,56,426,0,123,13840,6173752.000000,16.996585
23,8,80,0,0,5,4,3,0,59,1698,669,10900,28,56,425,0,123,13835,6173733.000000,23,8,80,0,0,5,4,3,0,59,1698,669,10900,28,56,425,0,123,13835,6173733.000000,16.911602
23,8,80,0,0,5,4,3,0,59,1696,669,10900,29,56,420,0,123,13829,6173676.000000,23,8,80,0,0,5,4,3,0,59,1696,669,10900,29,56,420,0,123,13829,6173676.000000,16.827044
19,8,83,0,0,5,4,3,0,59,1696,669,10900,29,56,420,0,122,13829,6123676.000000,19,8,83,0,0,5,4,3,0,59,1696,669,10900,29,56,420,0,122,13829,6123676.000000,16.493018
19,8,83,0,0,5,4,3,0,60,1702,669,10931,29,56,413,0,122,13860,6123613.000000,19,8,83,0,0,5,4,3,0,60,1702,669,10931,29,56,413,0,122,13860,6123613.000000,16.410553
19,3,83,0,0,5,4,3,0,63,1702,669,10931,29,56,413,0,117,13863,5873628.000000,19,3,83,0,0,5,4,3,0,63,1702,669,10931,29,56,413,0,117,13863,5873628.000000,16.328501
19,3,83,0,0,5,4,3,0,63,1704,668,10931,29,56,412,0,117,13863,5873610.000000,19,3,83,0,0,5,4,3,0,63,1704,668,10931,29,56,412,0,117,13863,5873610.000000,16.246858
19,3,83,0,0,6,3,3,0,63,1704,668,10931,29,56,411,0,117,13862,5873595.000000,19,3,83,0,0,6,3,3,0,63,1704,668,10931,29,56,411,0,117,13862,5873595.000000,16.165624
19,3,83,0,0,6,3,3,0,63,1705,671,10939,29,56,411,0,117,13874,5873619.000000,19,3,83,0,0,6,3,3,0,63,1704,668,10931,29,56,411,0,117,13862,5873595.000000,16.004372
19,3,83,0,0,6,3,3,0,66,1705,670,10890,29,56,411,0,117,13827,5873580.000000,19,3,83,0,0,6,3,3,0,66,1705,670,10890,29,56,411,0,117,13827,5873580.000000,15.765504
19,3,83,0,0,6,3,3,0,67,1702,670,10890,29,56,410,0,117,13824,5873567.000000,19,3,83,0,0,6,3,3,0,67,1702,670,10890,29,56,410,0,117,13824,5873567.000000,15.375289
19,3,83,0,0,6,3,3,0,67,1702,670,10890,29,56,409,0,117,13823,5873552.000000,19,3,83,0,0,6,3,3,0,67,1702,670,10890,29,56,409,0,117,13823,5873552.000000,15.145810
19,3,82,0,0,6,3,3,0,66,1702,670,10890,29,56,410,0,116,13823,5823562.000000,19,3,82,0,0,6,3,3,0,66,1702,670,10890,29,56,410,0,116,13823,5823562.000000,14.623593
19,3,82,0,0,5,3,3,0,66,1721,670,10965,29,56,409,0,115,13916,5773641.000000,19,3,82,0,0,5,3,3,0,66,1721,670,10965,29,56,409,0,115,13916,5773641.000000,13.769908
19,3,82,0,0,5,3,3,0,63,1721,670,10965,29,56,409,0,115,13913,5773626.000000,19,3,82,0,0,5,3,3,0,63,1721,670,10965,29,56,409,0,115,13913,5773626.000000,13.429086
19,3,81,0,0,5,3,3,0,63,1717,671,10965,29,56,410,0,114,13911,5723642.000000,19,3,81,0,0,5,3,3,0,63,1717,671,10965,29,56,410,0,114,13911,5723642.000000,12.708677
19,3,81,0,0,5,3,3,0,62,1717,671,10965,29,56,410,0,114,13910,5723637.000000,19,3,81,0,0,5,3,3,0,62,1717,671,10965,29,56,410,0,114,13910,5723637.000000,12.581908
19,3,81,0,0,6,2,3,0,62,1703,671,10921,29,56,414,0,114,13856,5723639.000000,19,3,81,0,0,5,3,3,0,62,1717,671,10965,29,56,410,0,114,13910,5723637.000000,12.456403
19,3,81,0,0,5,2,3,0,62,1717,672,10965,29,56,412,0,113,13913,5673672.000000,19,3,81,0,0,5,2,3,0,62,1717,672,10965,29,56,412,0,113,13913,5673672.000000,12.394121
20,3,79,0,0,5,2,3,0,60,1717,672,10965,29,56,412,0,112,13911,5623662.000000,20,3,79,0,0,5,2,3,0,60,1717,672,10965,29,56,412,0,112,13911,5623662.000000,11.729234
20,3,79,0,0,5,2,3,0,58,1682,664,10727,29,56,418,0,112,13634,5623429.000000,20,3,79,0,0,5,2,3,0,58,1682,664,10727,29,56,418,0,112,13634,5623429.000000,11.155793
20,3,79,0,0,5,2,3,0,58,1682,663,10727,29,56,417,0,112,13632,5623409.000000,20,3,79,0,0,5,2,3,0,58,1682,663,10727,29,56,417,0,112,13632,5623409.000000,10.717293
20,3,79,0,0,5,2,3,0,58,1686,664,10751,29,56,415,0,112,13659,5623412.000000,20,3,79,0,0,5,2,3,0,58,1682,663,10727,29,56,417,0,112,13632,5623409.000000,10.244548
20,3,79,0,0,5,2,3,0,58,1678,661,10687,29,56,418,0,112,13587,5623370.000000,20,3,79,0,0,5,2,3,0,58,1678,661,10687,29,56,418,0,112,13587,5623370.000000,10.091647
20,3,79,0,0,5,2,3,0,58,1673,660,10652,29,56,418,0,112,13546,5623325.000000,20,3,79,0,0,5,2,3,0,58,1673,660,10652,29,56,418,0,112,13546,5623325.000000,9.941028
20,3,79,0,0,5,2,3,0,58,1663,659,10583,29,56,420,0,112,13468,5623271.000000,20,3,79,0,0,5,2,3,0,58,1663,659,10583,29,56,420,0,112,13468,5623271.000000,9.941028
20,3,79,0,0,5,2,3,0,59,1663,659,10583,29,56,420,0,112,13469,5623276.000000,20,3,79,0,0,5,2,3,0,58,1663,659,10583,29,56,420,0,112,13468,5623271.000000,9.598268
20,3,78,0,0,5,2,3,0,59,1657,661,10583,29,56,426,0,111,13471,5573370.000000,20,3,78,0,0,5,2,3,0,59,1657,661,10583,29,56,426,0,111,13471,5573370.000000,9.083365
20,3,75,0,0,5,2,3,0,59,1657,661,10583,29,56,426,0,108,13471,5423370.000000,20,3,75,0,0,5,2,3,0,59,1657,661,10583,29,56,426,0,108,13471,5423370.000000,8.992758
20,3,75,0,0,5,2,3,0,59,1648,660,10522,29,56,427,0,108,13401,5423310.000000,20,3,75,0,0,5,2,3,0,59,1648,660,10522,29,56,427,0,108,13401,5423310.000000,8.425447
20,3,75,0,0,4,2,3,0,59,1649,659,10463,29,56,428,0,107,13343,5373262.000000,20,3,75,0,0,4,2,3,0,59,1649,659,10463,29,56,428,0,107,13343,5373262.000000,8.383320
20,3,75,0,0,4,2,3,0,59,1649,658,10421,29,56,428,0,107,13300,5373215.000000,20,3,75,0,0,4,2,3,0,59,1649,658,10421,29,56,428,0,107,13300,5373215.000000,7.854456
20,3,75,0,0,4,2,3,0,60,1649,658,10421,29,56,428,0,107,13301,5373220.000000,20,3,75,0,0,4,2,3,0,59,1649,658,10421,29,56,428,0,107,13300,5373215.000000,7.660048
20,3,75,0,0,4,2,3,0,60,1640,657,10384,29,56,429,0,107,13255,5373184.000000,20,3,75,0,0,4,2,3,0,60,1640,657,10384,29,56,429,0,107,13255,5373184.000000,7.358955
20,3,73,0,0,4,2,3,0,57,1644,658,10384,29,56,435,0,105,13263,5273268.000000,20,3,73,0,0,4,2,3,0,57,1644,658,10384,29,56,435,0,105,13263,5273268.000000,7.105223
20,3,73,0,0,4,2,3,0,57,1647,658,10384,29,56,436,0,105,13267,5273286.000000,20,3,73,0,0,4,2,3,0,57,1644,658,10384,29,56,435,0,105,13263,5273268.000000,6.999177
20,3,73,0,0,4,2,3,0,57,1647,657,10384,29,56,434,0,105,13264,5273251.000000,20,3,73,0,0,4,2,3,0,57,1647,657,10384,29,56,434,0,105,13264,5273251.000000,6.757850
20,3,73,0,0,4,2,3,0,57,1652,658,10414,29,56,430,0,105,13296,5273231.000000,20,3,73,0,0,4,2,3,0,57,1652,658,10414,29,56,430,0,105,13296,5273231.000000,6.724060
20,3,72,0,0,4,2,3,0,56,1647,659,10414,29,56,433,0,104,13294,5223271.000000,20,3,72,0,0,4,2,3,0,56,1647,659,10414,29,56,433,0,104,13294,5223271.000000,6.623703
20,3,72,0,0,4,2,3,0,56,1639,659,10339,29,56,435,0,104,13213,5223218.000000,20,3,72,0,0,4,2,3,0,56,1639,659,10339,29,56,435,0,104,13213,5223218.000000,5.843565
20,3,72,0,0,4,2,3,0,57,1639,659,10339,29,56,435,0,104,13214,5223223.000000,20,3,72,0,0,4,2,3,0,56,1639,659,10339,29,56,435,0,104,13213,5223218.000000,5.530084
20,3,72,0,0,4,2,3,0,57,1639,658,10339,29,56,434,0,104,13212,5223203.000000,20,3,72,0,0,4,2,3,0,57,1639,658,10339,29,56,434,0,104,13212,5223203.000000,5.447547
20,3,72,0,0,4,2,3,0,58,1642,658,10339,28,56,433,0,104,13214,5223176.000000,20,3,72,0,0,4,2,3,0,58,1642,658,10339,28,56,433,0,104,13214,5223176.000000,5.366242
20,3,72,0,0,4,2,3,0,58,1642,658,10339,28,56,432,0,104,13213,5223161.000000,20,3,72,0,0,4,2,3,0,58,1642,658,10339,28,56,432,0,104,13213,5223161.000000,5.129535
20,3,72,0,0,4,2,3,0,58,1634,657,10302,28,56,433,0,104,13168,5223126.000000,20,3,72,0,0,4,2,3,0,58,1634,657,10302,28,56,433,0,104,13168,5223126.000000,4.977559
20,3,72,0,0,4,2,3,0,59,1634,657,10302,28,56,433,0,104,13169,5223131.000000,20,3,72,0,0,4,2,3,0,58,1634,657,10302,28,56,433,0,104,13168,5223126.000000,4.952672
20,3,72,0,0,4,2,3,0,59,1638,657,10302,28,56,432,0,104,13172,5223120.000000,20,3,72,0,0,4,2,3,0,59,1638,657,10302,28,56,432,0,104,13172,5223120.000000,4.734207
20,3,72,0,0,4,2,3,0,59,1643,658,10339,28,56,429,0,104,13212,5223122.000000,20,3,72,0,0,4,2,3,0,59,1638,657,10302,28,56,432,0,104,13172,5223120.000000,4.502752
19,3,72,0,0,4,2,3,0,59,1616,656,10171,28,56,433,0,103,13019,5172977.000000,19,3,72,0,0,4,2,3,0,59,1616,656,10171,28,56,433,0,103,13019,5172977.000000,4.480239
19,3,72,0,0,4,2,3,0,59,1605,656,10076,28,56,440,0,103,12920,5172976.000000,19,3,72,0,0,4,2,3,0,59,1605,656,10076,28,56,440,0,103,12920,5172976.000000,4.435548
19,3,72,0,0,4,2,3,0,57,1605,656,10076,28,56,440,0,103,12918,5172966.000000,19,3,72,0,0,4,2,3,0,57,1605,656,10076,28,56,440,0,103,12918,5172966.000000,4.304134
18,3,72,0,0,4,2,3,0,57,1605,656,10076,28,56,440,0,102,12918,5122966.000000,18,3,72,0,0,4,2,3,0,57,1605,656,10076,28,56,440,0,102,12918,5122966.000000,4.261200
18,3,72,0,0,4,2,3,0,57,1605,657,10096,28,56,437,0,102,12936,5122946.000000,18,3,72,0,0,4,2,3,0,57,1605,657,10096,28,56,437,0,102,12936,5122946.000000,4.073237
18,3,72,0,0,4,2,3,0,56,1605,657,10096,28,56,437,0,102,12935,5122941.000000,18,3,72,0,0,4,2,3,0,56,1605,657,10096,28,56,437,0,102,12935,5122941.000000,4.032606
18,0,72,0,0,4,2,3,0,56,1605,657,10096,28,56,437,0,99,12935,4972941.000000,18,0,72,0,0,4,2,3,0,56,1605,657,10096,28,56,437,0,99,12935,4972941.000000,3.952557
18,0,71,0,0,4,2,3,0,55,1605,657,10096,28,56,437,0,98,12934,4922936.000000,18,0,71,0,0,4,2,3,0,55,1605,657,10096,28,56,437,0,98,12934,4922936.000000,3.816276
18,0,70,0,0,4,2,3,0,55,1611,657,10096,27,56,438,0,97,12940,4872937.000000,18,0,70,0,0,4,2,3,0,55,1611,657,10096,27,56,438,0,97,12940,4872937.000000,3.487026
18,0,70,0,0,4,2,3,0,55,1603,655,9978,27,56,440,0,97,12814,4872831.000000,18,0,70,0,0,4,2,3,0,55,1603,655,9978,27,56,440,0,97,12814,4872831.000000,3.091784
18,0,70,0,0,4,2,3,0,55,1595,655,9994,27,56,440,0,97,12822,4872839.000000,18,0,70,0,0,4,2,3,0,55,1603,655,9978,27,56,440,0,97,12814,4872831.000000,3.091784
18,0,70,0,0,4,2,3,0,55,1581,655,9899,27,56,441,0,97,12714,4872745.000000,18,0,70,0,0,4,2,3,0,55,1581,655,9899,27,56,441,0,97,12714,4872745.000000,3.060943
18,0,70,0,0,4,2,3,0,55,1572,651,9863,27,56,443,0,97,12667,4872710.000000,18,0,70,0,0,4,2,3,0,55,1572,651,9863,27,56,443,0,97,12667,4872710.000000,2.882254
18,0,70,0,0,4,2,3,0,55,1590,649,9863,27,56,441,0,97,12681,4872688.000000,18,0,70,0,0,4,2,3,0,55,1590,649,9863,27,56,441,0,97,12681,4872688.000000,2.633587
18,0,70,0,0,4,2,3,0,57,1590,649,9863,27,56,441,0,97,12683,4872698.000000,18,0,70,0,0,4,2,3,0,55,1590,649,9863,27,56,441,0,97,12681,4872688.000000,2.620419
18,0,70,0,0,4,2,3,0,57,1584,651,9863,27,56,439,0,97,12677,4872672.000000,18,0,70,0,0,4,2,3,0,57,1584,651,9863,27,56,439,0,97,12677,4872672.000000,2.555561
18,0,69,0,0,4,2,3,0,57,1587,652,9863,27,56,444,0,96,12686,4822755.000000,18,0,69,0,0,4,2,3,0,57,1587,652,9863,27,56,444,0,96,12686,4822755.000000,2.430620
18,0,69,0,0,4,2,3,0,57,1587,652,9863,26,56,444,0,96,12685,4822735.000000,18,0,69,0,0,4,2,3,0,57,1587,652,9863,26,56,444,0,96,12685,4822735.000000,2.394342
18,0,69,0,0,4,2,3,0,56,1587,652,9863,26,56,444,0,96,12684,4822730.000000,18,0,69,0,0,4,2,3,0,56,1587,652,9863,26,56,444,0,96,12684,4822730.000000,2.300228
17,0,68,0,0,5,2,3,0,55,1591,652,9863,26,56,446,0,95,12689,4772759.000000,17,0,68,0,0,5,2,3,0,55,1591,652,9863,26,56,446,0,95,12689,4772759.000000,2.165947
17,0,68,0,0,4,2,3,0,55,1606,653,10018,26,56,444,0,94,12858,4722904.000000,17,0,68,0,0,4,2,3,0,55,1606,653,10018,26,56,444,0,94,12858,4722904.000000,1.930095
17,0,67,0,0,5,2,3,0,55,1600,653,9869,26,56,448,0,94,12707,4722809.000000,17,0,67,0,0,5,2,3,0,55,1600,653,9869,26,56,448,0,94,12707,4722809.000000,1.863547
17,0,67,0,0,5,2,3,0,55,1599,650,9861,26,56,448,0,94,12695,4722785.000000,17,0,67,0,0,5,2,3,0,55,1599,650,9861,26,56,448,0,94,12695,4722785.000000,1.694255
17,0,67,0,0,5,2,3,0,55,1599,649,9861,27,56,445,0,94,12692,4722755.000000,17,0,67,0,0,5,2,3,0,55,1599,649,9861,27,56,445,0,94,12692,4722755.000000,1.502217
17,0,67,0,0,5,2,3,0,54,1599,649,9861,27,56,445,0,94,12691,4722750.000000,17,0,67,0,0,5,2,3,0,54,1599,649,9861,27,56,445,0,94,12691,4722750.000000,1.479796
17,0,67,0,0,5,2,3,0,53,1599,649,9861,27,56,445,0,94,12690,4722745.000000,17,0,67,0,0,5,2,3,0,53,1599,649,9861,27,56,445,0,94,12690,4722745.000000,1.365750
17,0,67,0,0,5,2,3,0,53,1594,648,9826,27,56,445,0,94,12649,4722700.000000,17,0,67,0,0,5,2,3,0,53,1594,648,9826,27,56,445,0,94,12649,4722700.000000,1.305506
17,0,67,0,0,5,2,3,0,53,1597,647,9826,27,56,444,0,94,12650,4722683.000000,17,0,67,0,0,5,2,3,0,53,1597,647,9826,27,56,444,0,94,12650,4722683.000000,1.175070
15,0,67,0,0,5,3,3,0,53,1583,645,9713,27,56,446,0,93,12523,4672576.000000,15,0,67,0,0,5,3,3,0,53,1583,645,9713,27,56,446,0,93,12523,4672576.000000,1.134554
15,0,67,0,0,5,2,3,0,53,1589,646,9808,27,56,442,0,92,12621,4622622.000000,15,0,67,0,0,5,2,3,0,53,1589,646,9808,27,56,442,0,92,12621,4622622.000000,1.123237
15,0,67,0,0,4,3,3,0,53,1588,645,9771,27,56,443,0,92,12583,4622594.000000,15,0,67,0,0,4,3,3,0,53,1588,645,9771,27,56,443,0,92,12583,4622594.000000,1.031487
15,0,67,0,0,5,2,3,0,53,1589,646,9808,27,56,440,0,92,12619,4622592.000000,15,0,67,0,0,5,2,3,0,53,1589,646,9808,27,56,440,0,92,12619,4622592.000000,1.011012
15,0,67,0,0,5,2,3,0,52,1589,646,9808,27,56,440,0,92,12618,4622587.000000,15,0,67,0,0,5,2,3,0,52,1589,646,9808,27,56,440,0,92,12618,4622587.000000,0.942495
15,0,67,0,0,5,2,3,0,51,1589,646,9808,27,56,440,0,92,12617,4622582.000000,15,0,67,0,0,5,2,3,0,51,1589,646,9808,27,56,440,0,92,12617,4622582.000000,0.869858
13,0,69,0,0,5,2,3,0,50,1589,646,9808,27,56,440,0,92,12616,4622577.000000,13,0,69,0,0,5,2,3,0,50,1589,646,9808,27,56,440,0,92,12616,4622577.000000,0.839866
14,0,68,0,0,5,2,3,0,50,1535,644,9288,27,56,449,0,92,12049,4622128.000000,14,0,68,0,0,5,2,3,0,50,1535,644,9288,27,56,449,0,92,12049,4622128.000000,0.798805
14,0,68,0,0,5,2,3,0,50,1530,643,9248,27,56,451,0,92,12005,4622108.000000,14,0,68,0,0,5,2,3,0,50,1530,643,9248,27,56,451,0,92,12005,4622108.000000,0.666917
15,0,67,0,0,5,2,3,0,50,1530,643,9248,27,56,451,0,92,12005,4622108.000000,14,0,68,0,0,5,2,3,0,50,1530,643,9248,27,56,451,0,92,12005,4622108.000000,0.663582
15,0,67,0,0,5,2,3,0,50,1527,641,9227,27,56,451,0,92,11979,4622074.000000,15,0,67,0,0,5,2,3,0,50,1527,641,9227,27,56,451,0,92,11979,4622074.000000,0.627984
15,0,67,0,0,5,2,3,0,46,1527,641,9227,27,56,451,0,92,11975,4622054.000000,15,0,67,0,0,5,2,3,0,46,1527,641,9227,27,56,451,0,92,11975,4622054.000000,0.603300
15,0,67,0,0,5,2,3,0,45,1527,641,9227,27,56,451,0,92,11974,4622049.000000,15,0,67,0,0,5,2,3,0,45,1527,641,9227,27,56,451,0,92,11974,4622049.000000,0.551250
15,0,67,0,0,5,2,3,0,47,1523,643,9227,27,56,448,0,92,11971,4622020.000000,15,0,67,0,0,5,2,3,0,47,1523,643,9227,27,56,448,0,92,11971,4622020.000000,0.491224
15,0,67,0,0,5,2,3,0,49,1523,641,9212,27,56,448,0,92,11956,4622005.000000,15,0,67,0,0,5,2,3,0,49,1523,641,9212,27,56,448,0,92,11956,4622005.000000,0.464872
13,0,68,0,0,5,2,3,0,49,1523,641,9212,27,56,448,0,91,11956,4572005.000000,13,0,68,0,0,5,2,3,0,49,1523,641,9212,27,56,448,0,91,11956,4572005.000000,0.410120
13,0,68,0,0,5,2,3,0,49,1528,641,9212,27,56,447,0,91,11960,4571995.000000,13,0,68,0,0,5,2,3,0,49,1528,641,9212,27,56,447,0,91,11960,4571995.000000,0.392029
13,0,68,0,0,5,2,3,0,49,1528,640,9212,27,56,445,0,91,11957,4571960.000000,13,0,68,0,0,5,2,3,0,49,1528,640,9212,27,56,445,0,91,11957,4571960.000000,0.363634
10,0,68,0,0,5,2,3,0,49,1528,640,9212,27,56,445,0,88,11957,4421960.000000,10,0,68,0,0,5,2,3,0,49,1528,640,9212,27,56,445,0,88,11957,4421960.000000,0.347594
10,0,68,0,0,5,2,3,0,46,1528,640,9212,27,56,445,0,88,11954,4421945.000000,10,0,68,0,0,5,2,3,0,46,1528,640,9212,27,56,445,0,88,11954,4421945.000000,0.320805
10,0,68,0,0,5,2,3,0,46,1532,639,9212,27,56,444,0,88,11956,4421929.000000,10,0,68,0,0,5,2,3,0,46,1532,639,9212,27,56,444,0,88,11956,4421929.000000,0.309744
10,0,67,0,0,5,2,3,0,47,1532,639,9212,27,56,444,0,87,11957,4371934.000000,10,0,67,0,0,5,2,3,0,47,1532,639,9212,27,56,444,0,87,11957,4371934.000000,0.306654
10,0,67,0,0,5,2,3,0,47,1528,638,9154,27,56,445,0,87,11895,4371882.000000,10,0,67,0,0,5,2,3,0,47,1528,638,9154,27,56,445,0,87,11895,4371882.000000,0.265167
10,0,67,0,0,5,2,3,0,47,1527,639,9119,27,56,445,0,87,11860,4371851.000000,10,0,67,0,0,5,2,3,0,47,1527,639,9119,27,56,445,0,87,11860,4371851.000000,0.265167
10,0,67,0,0,5,2,3,0,47,1527,638,9119,27,56,443,0,87,11857,4371816.000000,10,0,67,0,0,5,2,3,0,47,1527,638,9119,27,56,443,0,87,11857,4371816.000000,0.257310
10,0,67,0,0,5,2,3,0,47,1519,634,9025,26,56,446,0,87,11753,4371719.000000,10,0,67,0,0,5,2,3,0,47,1519,634,9025,26,56,446,0,87,11753,4371719.000000,0.253470
10,0,67,0,0,5,2,3,0,47,1511,632,8907,26,56,448,0,87,11627,4371613.000000,10,0,67,0,0,5,2,3,0,47,1511,632,8907,26,56,448,0,87,11627,4371613.000000,0.247196
8,0,64,0,0,5,2,3,0,47,1511,632,8907,26,56,448,0,82,11627,4121613.000000,8,0,64,0,0,5,2,3,0,47,1511,632,8907,26,56,448,0,82,11627,4121613.000000,0.245960
8,0,64,0,0,5,2,3,0,47,1468,629,8685,26,56,452,0,82,11363,4121393.000000,8,0,64,0,0,5,2,3,0,47,1468,629,8685,26,56,452,0,82,11363,4121393.000000,0.239872
8,0,64,0,0,5,2,3,0,47,1472,629,8685,27,56,449,0,82,11365,4121372.000000,8,0,64,0,0,5,2,3,0,47,1472,629,8685,27,56,449,0,82,11365,4121372.000000,0.238673
8,0,64,0,0,5,2,3,0,47,1472,628,8660,27,56,449,0,82,11339,4121342.000000,8,0,64,0,0,5,2,3,0,47,1472,628,8660,27,56,449,0,82,11339,4121342.000000,0.222498
8,0,64,0,0,5,2,3,0,47,1462,627,8598,27,56,450,0,82,11267,4121280.000000,8,0,64,0,0,5,2,3,0,47,1462,627,8598,27,56,450,0,82,11267,4121280.000000,0.202286
7,0,64,0,0,5,2,3,0,47,1462,627,8598,27,56,450,0,81,11267,4071280.000000,7,0,64,0,0,5,2,3,0,47,1462,627,8598,27,56,450,0,81,11267,4071280.000000,0.199266
7,0,64,0,0,5,2,3,0,47,1458,626,8574,27,56,452,0,81,11240,4071277.000000,7,0,64,0,0,5,2,3,0,47,1458,626,8574,27,56,452,0,81,11240,4071277.000000,0.190477
7,0,64,0,0,5,2,3,0,46,1458,626,8574,27,56,452,0,81,11239,4071272.000000,7,0,64,0,0,5,2,3,0,46,1458,626,8574,27,56,452,0,81,11239,4071272.000000,0.188577
7,0,64,0,0,5,2,3,0,46,1454,626,8574,27,56,451,0,81,11234,4071253.000000,7,0,64,0,0,5,2,3,0,46,1454,626,8574,27,56,451,0,81,11234,4071253.000000,0.185762
7,0,64,0,0,5,2,3,0,46,1450,625,8554,27,56,451,0,81,11209,4071224.000000,7,0,64,0,0,5,2,3,0,46,1450,625,8554,27,56,451,0,81,11209,4071224.000000,0.178460
7,0,64,0,0,4,2,3,0,46,1446,626,8554,27,56,455,0,80,11210,4021285.000000,7,0,64,0,0,4,2,3,0,46,1446,626,8554,27,56,455,0,80,11210,4021285.000000,0.165534
7,0,64,0,0,4,2,3,0,45,1446,626,8554,27,56,455,0,80,11209,4021280.000000,7,0,64,0,0,4,2,3,0,45,1446,626,8554,27,56,455,0,80,11209,4021280.000000,0.156654
7,0,64,0,0,4,2,3,0,44,1430,625,8498,27,56,456,0,80,11136,4021213.000000,7,0,64,0,0,4,2,3,0,44,1430,625,8498,27,56,456,0,80,11136,4021213.000000,0.153545
7,0,63,0,0,4,2,3,0,47,1430,625,8498,27,56,456,0,79,11139,3971228.000000,7,0,63,0,0,4,2,3,0,47,1430,625,8498,27,56,456,0,79,11139,3971228.000000,0.144581
7,0,62,0,0,4,2,3,0,45,1417,622,8439,27,56,458,0,78,11064,3921161.000000,7,0,62,0,0,4,2,3,0,45,1417,622,8439,27,56,458,0,78,11064,3921161.000000,0.134783
7,0,61,0,0,4,2,3,0,44,1417,622,8439,27,56,459,0,77,11064,3871171.000000,7,0,61,0,0,4,2,3,0,44,1417,622,8439,27,56,459,0,77,11064,3871171.000000,0.130790
7,0,61,0,0,4,2,3,0,44,1417,620,8415,27,56,459,0,77,11038,3871137.000000,7,0,61,0,0,4,2,3,0,44,1417,620,8415,27,56,459,0,77,11038,3871137.000000,0.125020
7,0,60,0,0,4,2,3,0,42,1417,620,8415,27,56,465,0,76,11042,3821217.000000,7,0,60,0,0,4,2,3,0,42,1417,620,8415,27,56,465,0,76,11042,3821217.000000,0.118908
7,0,60,0,0,4,2,3,0,42,1414,620,8415,27,56,463,0,76,11037,3821184.000000,7,0,60,0,0,4,2,3,0,42,1414,620,8415,27,56,463,0,76,11037,3821184.000000,0.113095
7,0,60,0,0,4,2,3,0,42,1414,619,8380,27,56,463,0,76,11001,3821144.000000,7,0,60,0,0,4,2,3,0,42,1414,619,8380,27,56,463,0,76,11001,3821144.000000,0.099774
7,0,60,0,0,4,2,3,0,42,1410,619,8380,27,56,462,0,76,10996,3821125.000000,7,0,60,0,0,4,2,3,0,42,1410,619,8380,27,56,462,0,76,10996,3821125.000000,0.099276
7,0,60,0,0,4,2,3,0,42,1413,619,8380,27,56,460,0,76,10997,3821098.000000,7,0,60,0,0,4,2,3,0,42,1413,619,8380,27,56,460,0,76,10997,3821098.000000,0.086276
7,0,60,0,0,4,2,3,0,42,1415,620,8398,27,56,458,0,76,11016,3821093.000000,7,0,60,0,0,4,2,3,0,42,1415,620,8398,27,56,458,0,76,11016,3821093.000000,0.084563
7,0,59,0,0,4,2,3,0,43,1415,620,8398,27,56,458,0,75,11017,3771098.000000,7,0,59,0,0,4,2,3,0,43,1415,620,8398,27,56,458,0,75,11017,3771098.000000,0.064510
7,0,59,0,0,4,2,3,0,43,1415,619,8368,27,56,458,0,75,10986,3771063.000000,7,0,59,0,0,4,2,3,0,43,1415,619,8368,27,56,458,0,75,10986,3771063.000000,0.062599
7,0,59,0,0,4,2,3,0,43,1411,619,8368,27,56,457,0,75,10981,3771044.000000,7,0,59,0,0,4,2,3,0,43,1411,619,8368,27,56,457,0,75,10981,3771044.000000,0.059838
7,0,58,0,0,4,2,3,0,43,1419,620,8368,27,56,463,0,74,10996,3721147.000000,7,0,58,0,0,4,2,3,0,43,1419,620,8368,27,56,463,0,74,10996,3721147.000000,0.058944
7,0,58,0,0,4,2,3,0,43,1415,620,8368,27,56,462,0,74,10991,3721128.000000,7,0,58,0,0,4,2,3,0,43,1415,620,8368,27,56,462,0,74,10991,3721128.000000,0.052002
6,0,58,0,0,4,2,3,0,43,1415,618,8356,27,56,462,0,73,10977,3671106.000000,6,0,58,0,0,4,2,3,0,43,1415,618,8356,27,56,462,0,73,10977,3671106.000000,0.041087
6,0,58,0,0,4,2,3,0,43,1386,614,8207,27,56,468,0,73,10801,3670998.000000,6,0,58,0,0,4,2,3,0,43,1386,614,8207,27,56,468,0,73,10801,3670998.000000,0.039275
5,0,58,0,0,4,2,3,0,44,1386,614,8207,27,56,468,0,72,10802,3621003.000000,5,0,58,0,0,4,2,3,0,44,1386,614,8207,27,56,468,0,72,10802,3621003.000000,0.029961
5,0,58,0,0,4,2,3,0,40,1386,614,8207,27,56,468,0,72,10798,3620983.000000,5,0,58,0,0,4,2,3,0,40,1386,614,8207,27,56,468,0,72,10798,3620983.000000,0.022742
5,0,58,0,0,4,2,3,0,40,1364,615,8138,27,56,471,0,72,10711,3620942.000000,5,0,58,0,0,4,2,3,0,40,1364,615,8138,27,56,471,0,72,10711,3620942.000000,0.019665
5,0,57,0,0,4,2,3,0,39,1364,615,8138,27,56,471,0,71,10710,3570937.000000,5,0,57,0,0,4,2,3,0,39,1364,615,8138,27,56,471,0,71,10710,3570937.000000,0.018704
5,0,56,0,0,4,2,3,0,40,1364,615,8138,27,56,471,0,70,10711,3520942.000000,5,0,56,0,0,4,2,3,0,40,1364,615,8138,27,56,471,0,70,10711,3520942.000000,0.017524
5,0,56,0,0,4,2,3,0,40,1334,612,7961,27,56,474,0,70,10504,3520765.000000,5,0,56,0,0,4,2,3,0,40,1334,612,7961,27,56,474,0,70,10504,3520765.000000,0.017349
2,0,58,0,0,4,2,3,0,43,1334,612,7961,27,56,474,0,69,10507,3470780.000000,2,0,58,0,0,4,2,3,0,43,1334,612,7961,27,56,474,0,69,10507,3470780.000000,0.016835
2,0,58,0,0,4,2,3,0,42,1334,612,7961,27,56,474,0,69,10506,3470775.000000,2,0,58,0,0,4,2,3,0,42,1334,612,7961,27,56,474,0,69,10506,3470775.000000,0.016418
2,0,58,0,0,4,2,3,0,44,1331,612,7961,28,56,472,0,69,10504,3470772.000000,2,0,58,0,0,4,2,3,0,44,1331,612,7961,28,56,472,0,69,10504,3470772.000000,0.016092
2,0,57,0,0,5,2,3,0,45,1326,612,7961,28,56,471,0,69,10499,3470757.000000,2,0,57,0,0,5,2,3,0,45,1326,612,7961,28,56,471,0,69,10499,3470757.000000,0.015306
2,0,57,0,0,5,2,3,0,45,1326,611,7941,28,56,471,0,69,10478,3470732.000000,2,0,57,0,0,5,2,3,0,45,1326,611,7941,28,56,471,0,69,10478,3470732.000000,0.014340
2,0,57,0,0,5,2,3,0,45,1331,611,7981,28,56,466,0,69,10518,3470702.000000,2,0,57,0,0,5,2,3,0,45,1331,611,7981,28,56,466,0,69,10518,3470702.000000,0.013985
2,0,57,0,0,5,2,3,0,44,1331,611,7981,28,56,466,0,69,10517,3470697.000000,2,0,57,0,0,5,2,3,0,44,1331,611,7981,28,56,466,0,69,10517,3470697.000000,0.013368
2,0,58,0,0,4,2,3,0,46,1331,610,7981,28,56,465,0,69,10517,3470687.000000,2,0,58,0,0,4,2,3,0,46,1331,610,7981,28,56,465,0,69,10517,3470687.000000,0.013368
2,0,58,0,0,4,2,3,0,43,1331,610,7981,28,56,465,0,69,10514,3470672.000000,2,0,58,0,0,4,2,3,0,43,1331,610,7981,28,56,465,0,69,10514,3470672.000000,0.013169
0,0,57,0,0,4,2,3,0,42,1331,610,7981,28,56,465,0,66,10513,3320667.000000,0,0,57,0,0,4,2,3,0,42,1331,610,7981,28,56,465,0,66,10513,3320667.000000,0.011676
